STATION,NAME,DATE,PRCP,TAVG,TMAX,TMIN
USW00023188,"SAN DIEGO INTERNATIONAL AIRPORT, CA US",1951-01,40.5,13.1,18.1,8.2
USW00023188,"SAN DIEGO INTERNATIONAL AIRPORT, CA US",1951-02,12.7,13.1,17.9,8.3
USW00023188,"SAN DIEGO INTERNATIONAL AIRPORT, CA US",1951-03,12.8,14.8,19.7,10
USW00023188,"SAN DIEGO INTERNATIONAL AIRPORT, CA US",1951-04,49.4,15.9,19.1,12.8
USW00023188,"SAN DIEGO INTERNATIONAL AIRPORT, CA US",1951-05,0,16.7,20.1,13.3
USW00023188,"SAN DIEGO INTERNATIONAL AIRPORT, CA US",1951-06,0,18.7,21.6,15.9
USW00023188,"SAN DIEGO INTERNATIONAL AIRPORT, CA US",1951-07,0,20.7,24,17.4
USW00023188,"SAN DIEGO INTERNATIONAL AIRPORT, CA US",1951-08,21.6,20.5,23.8,17.2
USW00023188,"SAN DIEGO INTERNATIONAL AIRPORT, CA US",1951-09,1,19.9,23.4,16.3
USW00023188,"SAN DIEGO INTERNATIONAL AIRPORT, CA US",1951-10,17.4,19.3,23.7,14.9
USW00023188,"SAN DIEGO INTERNATIONAL AIRPORT, CA US",1951-11,31.4,16.4,21.2,11.6
USW00023188,"SAN DIEGO INTERNATIONAL AIRPORT, CA US",1951-12,98.3,13,17.4,8.7
USW00023188,"SAN DIEGO INTERNATIONAL AIRPORT, CA US",1952-01,107.9,12.4,16.9,7.9
USW00023188,"SAN DIEGO INTERNATIONAL AIRPORT, CA US",1952-02,15.4,14.3,19.3,9.4
USW00023188,"SAN DIEGO INTERNATIONAL AIRPORT, CA US",1952-03,126.4,13.3,17.3,9.2
USW00023188,"SAN DIEGO INTERNATIONAL AIRPORT, CA US",1952-04,39.2,15.4,18.8,12
USW00023188,"SAN DIEGO INTERNATIONAL AIRPORT, CA US",1952-05,0,17.8,21.4,14.3
USW00023188,"SAN DIEGO INTERNATIONAL AIRPORT, CA US",1952-06,3.6,17.7,20.7,14.7
USW00023188,"SAN DIEGO INTERNATIONAL AIRPORT, CA US",1952-07,0,20.1,23.8,16.5
USW00023188,"SAN DIEGO INTERNATIONAL AIRPORT, CA US",1952-08,0,21.2,24.8,17.7
USW00023188,"SAN DIEGO INTERNATIONAL AIRPORT, CA US",1952-09,0,21.4,25.5,17.2
USW00023188,"SAN DIEGO INTERNATIONAL AIRPORT, CA US",1952-10,0,18.4,21.9,15
USW00023188,"SAN DIEGO INTERNATIONAL AIRPORT, CA US",1952-11,46.6,15.3,20.1,10.6
USW00023188,"SAN DIEGO INTERNATIONAL AIRPORT, CA US",1952-12,56,13.6,18.6,8.5
USW00023188,"SAN DIEGO INTERNATIONAL AIRPORT, CA US",1953-01,14.7,15.5,21,10.1
USW00023188,"SAN DIEGO INTERNATIONAL AIRPORT, CA US",1953-02,14.7,13.9,20.1,7.7
USW00023188,"SAN DIEGO INTERNATIONAL AIRPORT, CA US",1953-03,20.1,14.3,18.8,9.7
USW00023188,"SAN DIEGO INTERNATIONAL AIRPORT, CA US",1953-04,8.6,14.9,18.1,11.8
USW00023188,"SAN DIEGO INTERNATIONAL AIRPORT, CA US",1953-05,2.3,17.1,21.4,12.9
USW00023188,"SAN DIEGO INTERNATIONAL AIRPORT, CA US",1953-06,3.5,18.2,21.4,14.9
USW00023188,"SAN DIEGO INTERNATIONAL AIRPORT, CA US",1953-07,0,21.5,24.6,18.4
USW00023188,"SAN DIEGO INTERNATIONAL AIRPORT, CA US",1953-08,0,21,24.2,17.9
USW00023188,"SAN DIEGO INTERNATIONAL AIRPORT, CA US",1953-09,0,20.1,23.8,16.3
USW00023188,"SAN DIEGO INTERNATIONAL AIRPORT, CA US",1953-10,1.8,19.7,24.8,14.6
USW00023188,"SAN DIEGO INTERNATIONAL AIRPORT, CA US",1953-11,20.3,17.3,22.5,12
USW00023188,"SAN DIEGO INTERNATIONAL AIRPORT, CA US",1953-12,0.8,14.2,20.6,7.9
USW00023188,"SAN DIEGO INTERNATIONAL AIRPORT, CA US",1954-01,70.2,12.8,17.3,8.2
USW00023188,"SAN DIEGO INTERNATIONAL AIRPORT, CA US",1954-02,26.1,16.2,22.3,10.2
USW00023188,"SAN DIEGO INTERNATIONAL AIRPORT, CA US",1954-03,109.4,14,17.8,10.2
USW00023188,"SAN DIEGO INTERNATIONAL AIRPORT, CA US",1954-04,2.3,16.1,19.3,12.8
USW00023188,"SAN DIEGO INTERNATIONAL AIRPORT, CA US",1954-05,0.3,17.2,20.2,14.1
USW00023188,"SAN DIEGO INTERNATIONAL AIRPORT, CA US",1954-06,0.8,18.4,21.3,15.4
USW00023188,"SAN DIEGO INTERNATIONAL AIRPORT, CA US",1954-07,0,22.1,25.5,18.8
USW00023188,"SAN DIEGO INTERNATIONAL AIRPORT, CA US",1954-08,0,21.7,24.9,18.5
USW00023188,"SAN DIEGO INTERNATIONAL AIRPORT, CA US",1954-09,0,20.7,24.9,16.6
USW00023188,"SAN DIEGO INTERNATIONAL AIRPORT, CA US",1954-10,0,17.9,21.9,13.8
USW00023188,"SAN DIEGO INTERNATIONAL AIRPORT, CA US",1954-11,18.9,17.6,22.8,12.3
USW00023188,"SAN DIEGO INTERNATIONAL AIRPORT, CA US",1954-12,14,14.5,20.1,8.9
USW00023188,"SAN DIEGO INTERNATIONAL AIRPORT, CA US",1955-01,91.1,12.2,16.9,7.5
USW00023188,"SAN DIEGO INTERNATIONAL AIRPORT, CA US",1955-02,14.2,13,18.5,7.6
USW00023188,"SAN DIEGO INTERNATIONAL AIRPORT, CA US",1955-03,9.7,15.4,20,10.7
USW00023188,"SAN DIEGO INTERNATIONAL AIRPORT, CA US",1955-04,22.9,15.4,19.8,10.9
USW00023188,"SAN DIEGO INTERNATIONAL AIRPORT, CA US",1955-05,12.5,16.5,19.7,13.3
USW00023188,"SAN DIEGO INTERNATIONAL AIRPORT, CA US",1955-06,0,18.2,21.3,15.1
USW00023188,"SAN DIEGO INTERNATIONAL AIRPORT, CA US",1955-07,0,20.1,23.1,17.2
USW00023188,"SAN DIEGO INTERNATIONAL AIRPORT, CA US",1955-08,2.8,22.4,26,18.8
USW00023188,"SAN DIEGO INTERNATIONAL AIRPORT, CA US",1955-09,0,21.9,25.7,18.1
USW00023188,"SAN DIEGO INTERNATIONAL AIRPORT, CA US",1955-10,0,17.4,20.6,14.1
USW00023188,"SAN DIEGO INTERNATIONAL AIRPORT, CA US",1955-11,14,15.6,20.2,10.9
USW00023188,"SAN DIEGO INTERNATIONAL AIRPORT, CA US",1955-12,8.4,14,17.8,10.2
USW00023188,"SAN DIEGO INTERNATIONAL AIRPORT, CA US",1956-01,41.9,13,17,9.1
USW00023188,"SAN DIEGO INTERNATIONAL AIRPORT, CA US",1956-02,5.7,11.9,16.5,7.4
USW00023188,"SAN DIEGO INTERNATIONAL AIRPORT, CA US",1956-03,0,14.5,19.3,9.7
USW00023188,"SAN DIEGO INTERNATIONAL AIRPORT, CA US",1956-04,39.7,14.9,18,11.7
USW00023188,"SAN DIEGO INTERNATIONAL AIRPORT, CA US",1956-05,2.6,18,21.6,14.4
USW00023188,"SAN DIEGO INTERNATIONAL AIRPORT, CA US",1956-06,0,19.1,22.4,15.8
USW00023188,"SAN DIEGO INTERNATIONAL AIRPORT, CA US",1956-07,0,20.8,23.9,17.6
USW00023188,"SAN DIEGO INTERNATIONAL AIRPORT, CA US",1956-08,0,20.9,24.1,17.7
USW00023188,"SAN DIEGO INTERNATIONAL AIRPORT, CA US",1956-09,0,22.3,27,17.5
USW00023188,"SAN DIEGO INTERNATIONAL AIRPORT, CA US",1956-10,17.2,18.7,22.5,14.9
USW00023188,"SAN DIEGO INTERNATIONAL AIRPORT, CA US",1956-11,0,17.9,24.7,11
USW00023188,"SAN DIEGO INTERNATIONAL AIRPORT, CA US",1956-12,4.6,15.5,21.9,9.1
USW00023188,"SAN DIEGO INTERNATIONAL AIRPORT, CA US",1957-01,122,13.6,17.2,9.9
USW00023188,"SAN DIEGO INTERNATIONAL AIRPORT, CA US",1957-02,12.8,15.6,19.5,11.7
USW00023188,"SAN DIEGO INTERNATIONAL AIRPORT, CA US",1957-03,19,15.4,19.5,11.2
USW00023188,"SAN DIEGO INTERNATIONAL AIRPORT, CA US",1957-04,21.4,15.9,19.5,12.4
USW00023188,"SAN DIEGO INTERNATIONAL AIRPORT, CA US",1957-05,22.4,17.3,20.3,14.3
USW00023188,"SAN DIEGO INTERNATIONAL AIRPORT, CA US",1957-06,6.6,20.1,23.7,16.6
USW00023188,"SAN DIEGO INTERNATIONAL AIRPORT, CA US",1957-07,0,21.8,25.4,18.3
USW00023188,"SAN DIEGO INTERNATIONAL AIRPORT, CA US",1957-08,0,22.9,26.5,19.4
USW00023188,"SAN DIEGO INTERNATIONAL AIRPORT, CA US",1957-09,9.4,21.1,24.7,17.6
USW00023188,"SAN DIEGO INTERNATIONAL AIRPORT, CA US",1957-10,44.8,18.6,22.4,14.9
USW00023188,"SAN DIEGO INTERNATIONAL AIRPORT, CA US",1957-11,15,15.9,21,10.9
USW00023188,"SAN DIEGO INTERNATIONAL AIRPORT, CA US",1957-12,35,16.3,21.8,10.8
USW00023188,"SAN DIEGO INTERNATIONAL AIRPORT, CA US",1958-01,15.8,15.2,20.8,9.7
USW00023188,"SAN DIEGO INTERNATIONAL AIRPORT, CA US",1958-02,80,15.8,19.8,11.8
USW00023188,"SAN DIEGO INTERNATIONAL AIRPORT, CA US",1958-03,101.3,14.2,18.3,10.1
USW00023188,"SAN DIEGO INTERNATIONAL AIRPORT, CA US",1958-04,42,17.6,22.1,13.1
USW00023188,"SAN DIEGO INTERNATIONAL AIRPORT, CA US",1958-05,10.1,18.8,22.4,15.2
USW00023188,"SAN DIEGO INTERNATIONAL AIRPORT, CA US",1958-06,0,20,23.1,16.9
USW00023188,"SAN DIEGO INTERNATIONAL AIRPORT, CA US",1958-07,0,21.1,24.3,18
USW00023188,"SAN DIEGO INTERNATIONAL AIRPORT, CA US",1958-08,0,22.8,25.8,19.7
USW00023188,"SAN DIEGO INTERNATIONAL AIRPORT, CA US",1958-09,15.8,22.6,26.9,18.3
USW00023188,"SAN DIEGO INTERNATIONAL AIRPORT, CA US",1958-10,0.3,21.6,26.1,17.1
USW00023188,"SAN DIEGO INTERNATIONAL AIRPORT, CA US",1958-11,11.2,16.6,21.9,11.3
USW00023188,"SAN DIEGO INTERNATIONAL AIRPORT, CA US",1958-12,1.5,16.6,22.5,10.7
USW00023188,"SAN DIEGO INTERNATIONAL AIRPORT, CA US",1959-01,2,15.4,20.4,10.4
USW00023188,"SAN DIEGO INTERNATIONAL AIRPORT, CA US",1959-02,95.6,13.9,18.3,9.5
USW00023188,"SAN DIEGO INTERNATIONAL AIRPORT, CA US",1959-03,0,17.4,22.3,12.4
USW00023188,"SAN DIEGO INTERNATIONAL AIRPORT, CA US",1959-04,8,18.1,21.5,14.7
USW00023188,"SAN DIEGO INTERNATIONAL AIRPORT, CA US",1959-05,0,18,20.9,15
USW00023188,"SAN DIEGO INTERNATIONAL AIRPORT, CA US",1959-06,0,20.1,23.1,17.1
USW00023188,"SAN DIEGO INTERNATIONAL AIRPORT, CA US",1959-07,0,23.1,26.4,19.9
USW00023188,"SAN DIEGO INTERNATIONAL AIRPORT, CA US",1959-08,0,23.1,26.2,19.9
USW00023188,"SAN DIEGO INTERNATIONAL AIRPORT, CA US",1959-09,1,22,25,19
USW00023188,"SAN DIEGO INTERNATIONAL AIRPORT, CA US",1959-10,5.9,19.6,23.7,15.4
USW00023188,"SAN DIEGO INTERNATIONAL AIRPORT, CA US",1959-11,0.5,18.5,24.4,12.6
USW00023188,"SAN DIEGO INTERNATIONAL AIRPORT, CA US",1959-12,36.7,15.6,20.7,10.6
USW00023188,"SAN DIEGO INTERNATIONAL AIRPORT, CA US",1960-01,76,12.7,17.5,7.9
USW00023188,"SAN DIEGO INTERNATIONAL AIRPORT, CA US",1960-02,36.9,13.8,18.1,9.5
USW00023188,"SAN DIEGO INTERNATIONAL AIRPORT, CA US",1960-03,13.9,15.5,19.8,11.3
USW00023188,"SAN DIEGO INTERNATIONAL AIRPORT, CA US",1960-04,14.2,17.1,21.8,12.5
USW00023188,"SAN DIEGO INTERNATIONAL AIRPORT, CA US",1960-05,4.3,18.2,22.1,14.3
USW00023188,"SAN DIEGO INTERNATIONAL AIRPORT, CA US",1960-06,0,19.1,22.6,15.7
USW00023188,"SAN DIEGO INTERNATIONAL AIRPORT, CA US",1960-07,0,21.7,25.7,17.8
USW00023188,"SAN DIEGO INTERNATIONAL AIRPORT, CA US",1960-08,0,21.8,25.3,18.2
USW00023188,"SAN DIEGO INTERNATIONAL AIRPORT, CA US",1960-09,1.5,22.4,26.5,18.2
USW00023188,"SAN DIEGO INTERNATIONAL AIRPORT, CA US",1960-10,1.1,18.9,23.3,14.5
USW00023188,"SAN DIEGO INTERNATIONAL AIRPORT, CA US",1960-11,25.7,15.8,20.4,11.2
USW00023188,"SAN DIEGO INTERNATIONAL AIRPORT, CA US",1960-12,5.7,13.5,19.3,7.7
USW00023188,"SAN DIEGO INTERNATIONAL AIRPORT, CA US",1961-01,30.6,15.9,21.7,10.2
USW00023188,"SAN DIEGO INTERNATIONAL AIRPORT, CA US",1961-02,1.5,15,20.1,9.8
USW00023188,"SAN DIEGO INTERNATIONAL AIRPORT, CA US",1961-03,21.7,15,18.9,11
USW00023188,"SAN DIEGO INTERNATIONAL AIRPORT, CA US",1961-04,0,16.6,20.9,12.3
USW00023188,"SAN DIEGO INTERNATIONAL AIRPORT, CA US",1961-05,0.3,16.4,19.5,13.3
USW00023188,"SAN DIEGO INTERNATIONAL AIRPORT, CA US",1961-06,0,18.2,21.3,15
USW00023188,"SAN DIEGO INTERNATIONAL AIRPORT, CA US",1961-07,0,21.1,24.1,18.2
USW00023188,"SAN DIEGO INTERNATIONAL AIRPORT, CA US",1961-08,1,22.5,25.9,19.1
USW00023188,"SAN DIEGO INTERNATIONAL AIRPORT, CA US",1961-09,0,20.8,25.1,16.6
USW00023188,"SAN DIEGO INTERNATIONAL AIRPORT, CA US",1961-10,5.1,19.3,24.1,14.4
USW00023188,"SAN DIEGO INTERNATIONAL AIRPORT, CA US",1961-11,20.1,15.7,20.7,10.8
USW00023188,"SAN DIEGO INTERNATIONAL AIRPORT, CA US",1961-12,36.8,13.4,18,8.7
USW00023188,"SAN DIEGO INTERNATIONAL AIRPORT, CA US",1962-01,68.9,13.7,19.4,8
USW00023188,"SAN DIEGO INTERNATIONAL AIRPORT, CA US",1962-02,78.4,13.6,17.1,10.1
USW00023188,"SAN DIEGO INTERNATIONAL AIRPORT, CA US",1962-03,16.3,13.2,17.6,8.8
USW00023188,"SAN DIEGO INTERNATIONAL AIRPORT, CA US",1962-04,0.3,16.5,20.8,12.2
USW00023188,"SAN DIEGO INTERNATIONAL AIRPORT, CA US",1962-05,15.8,17,20.4,13.6
USW00023188,"SAN DIEGO INTERNATIONAL AIRPORT, CA US",1962-06,2.3,17.7,20.7,14.8
USW00023188,"SAN DIEGO INTERNATIONAL AIRPORT, CA US",1962-07,0,20.1,23.4,16.8
USW00023188,"SAN DIEGO INTERNATIONAL AIRPORT, CA US",1962-08,0,21.4,25.1,17.7
USW00023188,"SAN DIEGO INTERNATIONAL AIRPORT, CA US",1962-09,0,20.2,23.8,16.6
USW00023188,"SAN DIEGO INTERNATIONAL AIRPORT, CA US",1962-10,0.3,18.1,22.1,14.1
USW00023188,"SAN DIEGO INTERNATIONAL AIRPORT, CA US",1962-11,0.3,15.4,19.7,11.1
USW00023188,"SAN DIEGO INTERNATIONAL AIRPORT, CA US",1962-12,5.6,13.6,18.3,8.8
USW00023188,"SAN DIEGO INTERNATIONAL AIRPORT, CA US",1963-01,2.8,12.8,17.7,7.9
USW00023188,"SAN DIEGO INTERNATIONAL AIRPORT, CA US",1963-02,31.1,16.2,21,11.5
USW00023188,"SAN DIEGO INTERNATIONAL AIRPORT, CA US",1963-03,33.8,14.1,18.8,9.4
USW00023188,"SAN DIEGO INTERNATIONAL AIRPORT, CA US",1963-04,18.2,14.9,19.2,10.5
USW00023188,"SAN DIEGO INTERNATIONAL AIRPORT, CA US",1963-05,2.4,17.6,20.8,14.3
USW00023188,"SAN DIEGO INTERNATIONAL AIRPORT, CA US",1963-06,7.2,18.2,21.4,14.9
USW00023188,"SAN DIEGO INTERNATIONAL AIRPORT, CA US",1963-07,0,20.1,23.5,16.7
USW00023188,"SAN DIEGO INTERNATIONAL AIRPORT, CA US",1963-08,0,22.2,25.9,18.5
USW00023188,"SAN DIEGO INTERNATIONAL AIRPORT, CA US",1963-09,48.2,23.5,28,19
USW00023188,"SAN DIEGO INTERNATIONAL AIRPORT, CA US",1963-10,3.3,20.1,24.2,15.9
USW00023188,"SAN DIEGO INTERNATIONAL AIRPORT, CA US",1963-11,47,16.2,21.3,11.1
USW00023188,"SAN DIEGO INTERNATIONAL AIRPORT, CA US",1963-12,2.6,14.7,21.6,7.8
USW00023188,"SAN DIEGO INTERNATIONAL AIRPORT, CA US",1964-01,32.9,12.9,18.5,7.3
USW00023188,"SAN DIEGO INTERNATIONAL AIRPORT, CA US",1964-02,9.4,13.7,20,7.5
USW00023188,"SAN DIEGO INTERNATIONAL AIRPORT, CA US",1964-03,24.7,14.3,18.8,9.8
USW00023188,"SAN DIEGO INTERNATIONAL AIRPORT, CA US",1964-04,5.1,15.7,19.7,11.7
USW00023188,"SAN DIEGO INTERNATIONAL AIRPORT, CA US",1964-05,3.9,16,19.4,12.7
USW00023188,"SAN DIEGO INTERNATIONAL AIRPORT, CA US",1964-06,2.1,17.8,20.7,14.8
USW00023188,"SAN DIEGO INTERNATIONAL AIRPORT, CA US",1964-07,0,20.7,24.2,17.1
USW00023188,"SAN DIEGO INTERNATIONAL AIRPORT, CA US",1964-08,0,21.5,24.5,18.5
USW00023188,"SAN DIEGO INTERNATIONAL AIRPORT, CA US",1964-09,0,19.9,23.5,16.3
USW00023188,"SAN DIEGO INTERNATIONAL AIRPORT, CA US",1964-10,0.5,20.3,24.7,15.9
USW00023188,"SAN DIEGO INTERNATIONAL AIRPORT, CA US",1964-11,25.7,15,20.5,9.6
USW00023188,"SAN DIEGO INTERNATIONAL AIRPORT, CA US",1964-12,29.8,13.1,17.1,9.1
USW00023188,"SAN DIEGO INTERNATIONAL AIRPORT, CA US",1965-01,10.2,13.3,18.8,7.8
USW00023188,"SAN DIEGO INTERNATIONAL AIRPORT, CA US",1965-02,13.2,13.3,18.5,8
USW00023188,"SAN DIEGO INTERNATIONAL AIRPORT, CA US",1965-03,45.4,14.8,19.1,10.4
USW00023188,"SAN DIEGO INTERNATIONAL AIRPORT, CA US",1965-04,91,15.9,20.2,11.6
USW00023188,"SAN DIEGO INTERNATIONAL AIRPORT, CA US",1965-05,0,16.9,20.1,13.8
USW00023188,"SAN DIEGO INTERNATIONAL AIRPORT, CA US",1965-06,0.3,17.6,20.1,15.1
USW00023188,"SAN DIEGO INTERNATIONAL AIRPORT, CA US",1965-07,0.5,19.8,22.9,16.8
USW00023188,"SAN DIEGO INTERNATIONAL AIRPORT, CA US",1965-08,0,22.2,25.4,19
USW00023188,"SAN DIEGO INTERNATIONAL AIRPORT, CA US",1965-09,7.4,20.3,23.9,16.7
USW00023188,"SAN DIEGO INTERNATIONAL AIRPORT, CA US",1965-10,0,20.8,26.4,15.1
USW00023188,"SAN DIEGO INTERNATIONAL AIRPORT, CA US",1965-11,148,16,19.6,12.5
USW00023188,"SAN DIEGO INTERNATIONAL AIRPORT, CA US",1965-12,167.5,12.8,17.6,8.1
USW00023188,"SAN DIEGO INTERNATIONAL AIRPORT, CA US",1966-01,32.9,12.2,17.5,6.9
USW00023188,"SAN DIEGO INTERNATIONAL AIRPORT, CA US",1966-02,21.9,12.5,17.4,7.7
USW00023188,"SAN DIEGO INTERNATIONAL AIRPORT, CA US",1966-03,4.3,14.5,18.4,10.6
USW00023188,"SAN DIEGO INTERNATIONAL AIRPORT, CA US",1966-04,0,16.3,19.6,12.9
USW00023188,"SAN DIEGO INTERNATIONAL AIRPORT, CA US",1966-05,0.6,17.5,19.7,15.2
USW00023188,"SAN DIEGO INTERNATIONAL AIRPORT, CA US",1966-06,0,19.2,21.6,16.7
USW00023188,"SAN DIEGO INTERNATIONAL AIRPORT, CA US",1966-07,0,20.7,23.6,17.8
USW00023188,"SAN DIEGO INTERNATIONAL AIRPORT, CA US",1966-08,0,22.5,25.5,19.5
USW00023188,"SAN DIEGO INTERNATIONAL AIRPORT, CA US",1966-09,0,21,24.4,17.7
USW00023188,"SAN DIEGO INTERNATIONAL AIRPORT, CA US",1966-10,20.3,19.8,24.1,15.4
USW00023188,"SAN DIEGO INTERNATIONAL AIRPORT, CA US",1966-11,21,16.6,20.7,12.5
USW00023188,"SAN DIEGO INTERNATIONAL AIRPORT, CA US",1966-12,81.7,14,18.7,9.3
USW00023188,"SAN DIEGO INTERNATIONAL AIRPORT, CA US",1967-01,56,12.8,18.1,7.5
USW00023188,"SAN DIEGO INTERNATIONAL AIRPORT, CA US",1967-02,0,14.3,20.1,8.5
USW00023188,"SAN DIEGO INTERNATIONAL AIRPORT, CA US",1967-03,29,15,18.5,11.5
USW00023188,"SAN DIEGO INTERNATIONAL AIRPORT, CA US",1967-04,56.8,13.6,17.3,10
USW00023188,"SAN DIEGO INTERNATIONAL AIRPORT, CA US",1967-05,1.4,17.5,21.1,13.9
USW00023188,"SAN DIEGO INTERNATIONAL AIRPORT, CA US",1967-06,4.1,17.6,20.5,14.6
USW00023188,"SAN DIEGO INTERNATIONAL AIRPORT, CA US",1967-07,0.3,21.3,24.4,18.3
USW00023188,"SAN DIEGO INTERNATIONAL AIRPORT, CA US",1967-08,3.6,22.8,25.9,19.7
USW00023188,"SAN DIEGO INTERNATIONAL AIRPORT, CA US",1967-09,2,22.2,24.9,19.5
USW00023188,"SAN DIEGO INTERNATIONAL AIRPORT, CA US",1967-10,0,20.1,24.8,15.3
USW00023188,"SAN DIEGO INTERNATIONAL AIRPORT, CA US",1967-11,89.6,17.8,21.4,14.3
USW00023188,"SAN DIEGO INTERNATIONAL AIRPORT, CA US",1967-12,42.2,13,17.8,8.3
USW00023188,"SAN DIEGO INTERNATIONAL AIRPORT, CA US",1968-01,9,14,19.1,8.8
USW00023188,"SAN DIEGO INTERNATIONAL AIRPORT, CA US",1968-02,5.6,15.9,19.8,12.1
USW00023188,"SAN DIEGO INTERNATIONAL AIRPORT, CA US",1968-03,39.4,15.9,20.1,11.7
USW00023188,"SAN DIEGO INTERNATIONAL AIRPORT, CA US",1968-04,8.6,16.9,20.7,13
USW00023188,"SAN DIEGO INTERNATIONAL AIRPORT, CA US",1968-05,2,17.7,20.6,14.8
USW00023188,"SAN DIEGO INTERNATIONAL AIRPORT, CA US",1968-06,0,18.8,21.6,16
USW00023188,"SAN DIEGO INTERNATIONAL AIRPORT, CA US",1968-07,3.3,22,25.1,19
USW00023188,"SAN DIEGO INTERNATIONAL AIRPORT, CA US",1968-08,0,22.3,25.5,19.1
USW00023188,"SAN DIEGO INTERNATIONAL AIRPORT, CA US",1968-09,0,21.8,25.3,18.3
USW00023188,"SAN DIEGO INTERNATIONAL AIRPORT, CA US",1968-10,1.1,19.2,23.4,15
USW00023188,"SAN DIEGO INTERNATIONAL AIRPORT, CA US",1968-11,9.3,16.5,21.1,11.9
USW00023188,"SAN DIEGO INTERNATIONAL AIRPORT, CA US",1968-12,15.5,12.7,17.9,7.6
USW00023188,"SAN DIEGO INTERNATIONAL AIRPORT, CA US",1969-01,121.6,14.5,18,11
USW00023188,"SAN DIEGO INTERNATIONAL AIRPORT, CA US",1969-02,110.3,12.7,16.2,9.3
USW00023188,"SAN DIEGO INTERNATIONAL AIRPORT, CA US",1969-03,23.9,13.8,18,9.5
USW00023188,"SAN DIEGO INTERNATIONAL AIRPORT, CA US",1969-04,5.4,16.5,19.9,13.1
USW00023188,"SAN DIEGO INTERNATIONAL AIRPORT, CA US",1969-05,4.3,17.1,19.7,14.6
USW00023188,"SAN DIEGO INTERNATIONAL AIRPORT, CA US",1969-06,0.5,18.6,20.6,16.6
USW00023188,"SAN DIEGO INTERNATIONAL AIRPORT, CA US",1969-07,0,20.8,23.5,18
USW00023188,"SAN DIEGO INTERNATIONAL AIRPORT, CA US",1969-08,0.3,22.6,26,19.3
USW00023188,"SAN DIEGO INTERNATIONAL AIRPORT, CA US",1969-09,0,21,24,18.1
USW00023188,"SAN DIEGO INTERNATIONAL AIRPORT, CA US",1969-10,1,18.9,22.6,15.2
USW00023188,"SAN DIEGO INTERNATIONAL AIRPORT, CA US",1969-11,20.2,17.8,23,12.7
USW00023188,"SAN DIEGO INTERNATIONAL AIRPORT, CA US",1969-12,11.8,15.1,19.3,10.8
USW00023188,"SAN DIEGO INTERNATIONAL AIRPORT, CA US",1970-01,21.8,13.9,17.6,10.1
USW00023188,"SAN DIEGO INTERNATIONAL AIRPORT, CA US",1970-02,65.6,15.4,19.9,10.9
USW00023188,"SAN DIEGO INTERNATIONAL AIRPORT, CA US",1970-03,38.1,15.8,19.3,12.3
USW00023188,"SAN DIEGO INTERNATIONAL AIRPORT, CA US",1970-04,2.4,15.6,19.1,12
USW00023188,"SAN DIEGO INTERNATIONAL AIRPORT, CA US",1970-05,0.3,17.5,20.5,14.5
USW00023188,"SAN DIEGO INTERNATIONAL AIRPORT, CA US",1970-06,0,18.7,20.9,16.5
USW00023188,"SAN DIEGO INTERNATIONAL AIRPORT, CA US",1970-07,0,21.3,24,18.6
USW00023188,"SAN DIEGO INTERNATIONAL AIRPORT, CA US",1970-08,0,22.7,25.3,20
USW00023188,"SAN DIEGO INTERNATIONAL AIRPORT, CA US",1970-09,0,20.9,24.6,17.2
USW00023188,"SAN DIEGO INTERNATIONAL AIRPORT, CA US",1970-10,1.8,19,22.4,15.7
USW00023188,"SAN DIEGO INTERNATIONAL AIRPORT, CA US",1970-11,52.1,16.3,20,12.7
USW00023188,"SAN DIEGO INTERNATIONAL AIRPORT, CA US",1970-12,56.3,13,16.6,9.4
USW00023188,"SAN DIEGO INTERNATIONAL AIRPORT, CA US",1971-01,7.6,12.4,16.6,8.2
USW00023188,"SAN DIEGO INTERNATIONAL AIRPORT, CA US",1971-02,32.3,13,16.4,9.6
USW00023188,"SAN DIEGO INTERNATIONAL AIRPORT, CA US",1971-03,5.1,14.3,18.1,10.5
USW00023188,"SAN DIEGO INTERNATIONAL AIRPORT, CA US",1971-04,23.8,15.9,19.9,12
USW00023188,"SAN DIEGO INTERNATIONAL AIRPORT, CA US",1971-05,24.2,16.3,19.1,13.6
USW00023188,"SAN DIEGO INTERNATIONAL AIRPORT, CA US",1971-06,0.3,18.3,21.1,15.5
USW00023188,"SAN DIEGO INTERNATIONAL AIRPORT, CA US",1971-07,0,20.7,23.6,17.8
USW00023188,"SAN DIEGO INTERNATIONAL AIRPORT, CA US",1971-08,0.8,24.1,27.3,20.9
USW00023188,"SAN DIEGO INTERNATIONAL AIRPORT, CA US",1971-09,0,22.3,25.6,19.1
USW00023188,"SAN DIEGO INTERNATIONAL AIRPORT, CA US",1971-10,42.2,18.7,23.5,13.9
USW00023188,"SAN DIEGO INTERNATIONAL AIRPORT, CA US",1971-11,1.5,15.3,19.5,11
USW00023188,"SAN DIEGO INTERNATIONAL AIRPORT, CA US",1971-12,83.1,12.3,16.5,8.1
USW00023188,"SAN DIEGO INTERNATIONAL AIRPORT, CA US",1972-01,1.8,12.7,17.8,7.6
USW00023188,"SAN DIEGO INTERNATIONAL AIRPORT, CA US",1972-02,2.5,14.3,18.8,9.8
USW00023188,"SAN DIEGO INTERNATIONAL AIRPORT, CA US",1972-03,0,15.7,18.6,12.7
USW00023188,"SAN DIEGO INTERNATIONAL AIRPORT, CA US",1972-04,0.5,16.8,20.6,13
USW00023188,"SAN DIEGO INTERNATIONAL AIRPORT, CA US",1972-05,2.6,18.1,21.1,15.2
USW00023188,"SAN DIEGO INTERNATIONAL AIRPORT, CA US",1972-06,9.8,19.5,21.9,17
USW00023188,"SAN DIEGO INTERNATIONAL AIRPORT, CA US",1972-07,0,22.6,25.9,19.3
USW00023188,"SAN DIEGO INTERNATIONAL AIRPORT, CA US",1972-08,0.5,22.3,25.4,19.2
USW00023188,"SAN DIEGO INTERNATIONAL AIRPORT, CA US",1972-09,11.1,20.4,23.3,17.5
USW00023188,"SAN DIEGO INTERNATIONAL AIRPORT, CA US",1972-10,14.8,18.6,22.2,15
USW00023188,"SAN DIEGO INTERNATIONAL AIRPORT, CA US",1972-11,80.2,15.4,20,10.9
USW00023188,"SAN DIEGO INTERNATIONAL AIRPORT, CA US",1972-12,40.9,14.2,18.9,9.4
USW00023188,"SAN DIEGO INTERNATIONAL AIRPORT, CA US",1973-01,42.7,13.1,17.7,8.4
USW00023188,"SAN DIEGO INTERNATIONAL AIRPORT, CA US",1973-02,41.6,15.5,19.6,11.4
USW00023188,"SAN DIEGO INTERNATIONAL AIRPORT, CA US",1973-03,57.5,14.5,17.8,11.1
USW00023188,"SAN DIEGO INTERNATIONAL AIRPORT, CA US",1973-04,1.3,16.4,19.9,12.8
USW00023188,"SAN DIEGO INTERNATIONAL AIRPORT, CA US",1973-05,0,17.4,20,14.9
USW00023188,"SAN DIEGO INTERNATIONAL AIRPORT, CA US",1973-06,0,20,23,16.9
USW00023188,"SAN DIEGO INTERNATIONAL AIRPORT, CA US",1973-07,0,20.6,23.5,17.7
USW00023188,"SAN DIEGO INTERNATIONAL AIRPORT, CA US",1973-08,0,21.3,24.1,18.5
USW00023188,"SAN DIEGO INTERNATIONAL AIRPORT, CA US",1973-09,0.5,20.5,23.5,17.4
USW00023188,"SAN DIEGO INTERNATIONAL AIRPORT, CA US",1973-10,0.3,19.3,23.7,15
USW00023188,"SAN DIEGO INTERNATIONAL AIRPORT, CA US",1973-11,41.4,15.9,19.6,12.2
USW00023188,"SAN DIEGO INTERNATIONAL AIRPORT, CA US",1973-12,4.9,14.5,19.5,9.6
USW00023188,"SAN DIEGO INTERNATIONAL AIRPORT, CA US",1974-01,75.3,13.8,17.7,9.9
USW00023188,"SAN DIEGO INTERNATIONAL AIRPORT, CA US",1974-02,1,14.5,19.9,9.1
USW00023188,"SAN DIEGO INTERNATIONAL AIRPORT, CA US",1974-03,43.1,15,18.2,11.9
USW00023188,"SAN DIEGO INTERNATIONAL AIRPORT, CA US",1974-04,0.6,16.6,20.6,12.7
USW00023188,"SAN DIEGO INTERNATIONAL AIRPORT, CA US",1974-05,0.3,17.4,20,14.7
USW00023188,"SAN DIEGO INTERNATIONAL AIRPORT, CA US",1974-06,0.5,19.4,22.4,16.5
USW00023188,"SAN DIEGO INTERNATIONAL AIRPORT, CA US",1974-07,0.3,21.9,24.7,19
USW00023188,"SAN DIEGO INTERNATIONAL AIRPORT, CA US",1974-08,0,21.2,23.9,18.5
USW00023188,"SAN DIEGO INTERNATIONAL AIRPORT, CA US",1974-09,0,21.2,23.9,18.5
USW00023188,"SAN DIEGO INTERNATIONAL AIRPORT, CA US",1974-10,26.1,19.3,22.5,16.1
USW00023188,"SAN DIEGO INTERNATIONAL AIRPORT, CA US",1974-11,3.6,16.8,21.6,11.9
USW00023188,"SAN DIEGO INTERNATIONAL AIRPORT, CA US",1974-12,55.8,13.5,18.7,8.3
USW00023188,"SAN DIEGO INTERNATIONAL AIRPORT, CA US",1975-01,12.5,13.4,18.8,7.9
USW00023188,"SAN DIEGO INTERNATIONAL AIRPORT, CA US",1975-02,24.3,13.5,17.6,9.4
USW00023188,"SAN DIEGO INTERNATIONAL AIRPORT, CA US",1975-03,96.3,14.1,17.6,10.7
USW00023188,"SAN DIEGO INTERNATIONAL AIRPORT, CA US",1975-04,50.9,14.9,17.9,11.8
USW00023188,"SAN DIEGO INTERNATIONAL AIRPORT, CA US",1975-05,0.3,16.7,19.5,13.9
USW00023188,"SAN DIEGO INTERNATIONAL AIRPORT, CA US",1975-06,0.5,18.4,21,15.7
USW00023188,"SAN DIEGO INTERNATIONAL AIRPORT, CA US",1975-07,0,20.7,23.6,17.9
USW00023188,"SAN DIEGO INTERNATIONAL AIRPORT, CA US",1975-08,0,20.5,23.4,17.6
USW00023188,"SAN DIEGO INTERNATIONAL AIRPORT, CA US",1975-09,0,21.9,25.3,18.6
USW00023188,"SAN DIEGO INTERNATIONAL AIRPORT, CA US",1975-10,2.3,18.8,22.5,15.1
USW00023188,"SAN DIEGO INTERNATIONAL AIRPORT, CA US",1975-11,16.2,15.8,20.8,10.7
USW00023188,"SAN DIEGO INTERNATIONAL AIRPORT, CA US",1975-12,9.4,13.8,18.8,8.9
USW00023188,"SAN DIEGO INTERNATIONAL AIRPORT, CA US",1976-01,0,14.9,21.1,8.8
USW00023188,"SAN DIEGO INTERNATIONAL AIRPORT, CA US",1976-02,137,15.3,19.2,11.5
USW00023188,"SAN DIEGO INTERNATIONAL AIRPORT, CA US",1976-03,25.1,15.7,19.9,11.6
USW00023188,"SAN DIEGO INTERNATIONAL AIRPORT, CA US",1976-04,33.9,16.1,19.3,12.9
USW00023188,"SAN DIEGO INTERNATIONAL AIRPORT, CA US",1976-05,6.9,18.4,21.1,15.8
USW00023188,"SAN DIEGO INTERNATIONAL AIRPORT, CA US",1976-06,0.5,20.9,24.2,17.7
USW00023188,"SAN DIEGO INTERNATIONAL AIRPORT, CA US",1976-07,0.6,21.7,23.9,19.6
USW00023188,"SAN DIEGO INTERNATIONAL AIRPORT, CA US",1976-08,0.3,22.5,25.5,19.4
USW00023188,"SAN DIEGO INTERNATIONAL AIRPORT, CA US",1976-09,25.5,23.2,25.5,20.9
USW00023188,"SAN DIEGO INTERNATIONAL AIRPORT, CA US",1976-10,9.6,21.7,25.4,18
USW00023188,"SAN DIEGO INTERNATIONAL AIRPORT, CA US",1976-11,19,19.3,24.7,13.9
USW00023188,"SAN DIEGO INTERNATIONAL AIRPORT, CA US",1976-12,26.9,15.9,21.8,10
USW00023188,"SAN DIEGO INTERNATIONAL AIRPORT, CA US",1977-01,60.1,15.7,20.1,11.3
USW00023188,"SAN DIEGO INTERNATIONAL AIRPORT, CA US",1977-02,1.5,16.5,21.8,11.1
USW00023188,"SAN DIEGO INTERNATIONAL AIRPORT, CA US",1977-03,15.6,14.1,18.2,10.1
USW00023188,"SAN DIEGO INTERNATIONAL AIRPORT, CA US",1977-04,0.3,16.3,19.5,13.1
USW00023188,"SAN DIEGO INTERNATIONAL AIRPORT, CA US",1977-05,45.5,16.6,19.1,14.1
USW00023188,"SAN DIEGO INTERNATIONAL AIRPORT, CA US",1977-06,0.8,18.8,20.9,16.6
USW00023188,"SAN DIEGO INTERNATIONAL AIRPORT, CA US",1977-07,0,22,25,19.1
USW00023188,"SAN DIEGO INTERNATIONAL AIRPORT, CA US",1977-08,54.1,22.8,25,20.7
USW00023188,"SAN DIEGO INTERNATIONAL AIRPORT, CA US",1977-09,0,22.3,24.8,19.8
USW00023188,"SAN DIEGO INTERNATIONAL AIRPORT, CA US",1977-10,12.7,20.5,23.5,17.5
USW00023188,"SAN DIEGO INTERNATIONAL AIRPORT, CA US",1977-11,1.4,18.3,23.1,13.4
USW00023188,"SAN DIEGO INTERNATIONAL AIRPORT, CA US",1977-12,42.5,17.4,20.5,14.2
USW00023188,"SAN DIEGO INTERNATIONAL AIRPORT, CA US",1978-01,151.1,16.1,19.4,12.7
USW00023188,"SAN DIEGO INTERNATIONAL AIRPORT, CA US",1978-02,67.1,16,19.6,12.4
USW00023188,"SAN DIEGO INTERNATIONAL AIRPORT, CA US",1978-03,127,17.9,21.3,14.6
USW00023188,"SAN DIEGO INTERNATIONAL AIRPORT, CA US",1978-04,18.7,17.4,20.3,14.6
USW00023188,"SAN DIEGO INTERNATIONAL AIRPORT, CA US",1978-05,1,20.1,23.6,16.5
USW00023188,"SAN DIEGO INTERNATIONAL AIRPORT, CA US",1978-06,0,21.8,25.2,18.4
USW00023188,"SAN DIEGO INTERNATIONAL AIRPORT, CA US",1978-07,0,22,24.9,19.1
USW00023188,"SAN DIEGO INTERNATIONAL AIRPORT, CA US",1978-08,0,22.7,25.3,20.2
USW00023188,"SAN DIEGO INTERNATIONAL AIRPORT, CA US",1978-09,18.3,23.3,26.9,19.7
USW00023188,"SAN DIEGO INTERNATIONAL AIRPORT, CA US",1978-10,1.3,21.2,23.9,18.4
USW00023188,"SAN DIEGO INTERNATIONAL AIRPORT, CA US",1978-11,53.1,16.5,20.2,12.8
USW00023188,"SAN DIEGO INTERNATIONAL AIRPORT, CA US",1978-12,55.8,12.9,17.7,8.1
USW00023188,"SAN DIEGO INTERNATIONAL AIRPORT, CA US",1979-01,148,13.8,17.1,10.4
USW00023188,"SAN DIEGO INTERNATIONAL AIRPORT, CA US",1979-02,21.7,13.8,17.9,9.8
USW00023188,"SAN DIEGO INTERNATIONAL AIRPORT, CA US",1979-03,94,15.6,19.1,12.1
USW00023188,"SAN DIEGO INTERNATIONAL AIRPORT, CA US",1979-04,0.6,17.4,20.8,14
USW00023188,"SAN DIEGO INTERNATIONAL AIRPORT, CA US",1979-05,2.3,18.6,21.3,15.9
USW00023188,"SAN DIEGO INTERNATIONAL AIRPORT, CA US",1979-06,0.3,21.2,24.7,17.8
USW00023188,"SAN DIEGO INTERNATIONAL AIRPORT, CA US",1979-07,2.3,22.1,24.9,19.2
USW00023188,"SAN DIEGO INTERNATIONAL AIRPORT, CA US",1979-08,0.3,23.3,26,20.5
USW00023188,"SAN DIEGO INTERNATIONAL AIRPORT, CA US",1979-09,0,24.6,28.1,21
USW00023188,"SAN DIEGO INTERNATIONAL AIRPORT, CA US",1979-10,18.6,20.4,23.5,17.2
USW00023188,"SAN DIEGO INTERNATIONAL AIRPORT, CA US",1979-11,6.9,16.9,21.9,11.9
USW00023188,"SAN DIEGO INTERNATIONAL AIRPORT, CA US",1979-12,0.6,15.9,21.8,10
USW00023188,"SAN DIEGO INTERNATIONAL AIRPORT, CA US",1980-01,141.8,16.1,19.6,12.7
USW00023188,"SAN DIEGO INTERNATIONAL AIRPORT, CA US",1980-02,113.6,17.5,21.5,13.5
USW00023188,"SAN DIEGO INTERNATIONAL AIRPORT, CA US",1980-03,68.8,16.4,20.1,12.7
USW00023188,"SAN DIEGO INTERNATIONAL AIRPORT, CA US",1980-04,30,17.7,21.2,14.2
USW00023188,"SAN DIEGO INTERNATIONAL AIRPORT, CA US",1980-05,16.6,17.6,19.7,15.6
USW00023188,"SAN DIEGO INTERNATIONAL AIRPORT, CA US",1980-06,0.3,20.2,23.6,16.9
USW00023188,"SAN DIEGO INTERNATIONAL AIRPORT, CA US",1980-07,0,22.7,25.8,19.6
USW00023188,"SAN DIEGO INTERNATIONAL AIRPORT, CA US",1980-08,0,23.4,25.9,20.9
USW00023188,"SAN DIEGO INTERNATIONAL AIRPORT, CA US",1980-09,0,21.3,23.7,19
USW00023188,"SAN DIEGO INTERNATIONAL AIRPORT, CA US",1980-10,1.3,19.6,23.4,15.8
USW00023188,"SAN DIEGO INTERNATIONAL AIRPORT, CA US",1980-11,0,17,22.1,11.9
USW00023188,"SAN DIEGO INTERNATIONAL AIRPORT, CA US",1980-12,7.9,16,21.4,10.5
USW00023188,"SAN DIEGO INTERNATIONAL AIRPORT, CA US",1981-01,37.6,16.3,20.2,12.4
USW00023188,"SAN DIEGO INTERNATIONAL AIRPORT, CA US",1981-02,57.4,16.8,21.6,11.9
USW00023188,"SAN DIEGO INTERNATIONAL AIRPORT, CA US",1981-03,95.3,16.1,19.2,13
USW00023188,"SAN DIEGO INTERNATIONAL AIRPORT, CA US",1981-04,5.7,18,20.6,15.3
USW00023188,"SAN DIEGO INTERNATIONAL AIRPORT, CA US",1981-05,1,19.6,21.9,17.4
USW00023188,"SAN DIEGO INTERNATIONAL AIRPORT, CA US",1981-06,0,22.7,25.6,19.8
USW00023188,"SAN DIEGO INTERNATIONAL AIRPORT, CA US",1981-07,0,24.2,27.3,21.2
USW00023188,"SAN DIEGO INTERNATIONAL AIRPORT, CA US",1981-08,0,24.4,27.3,21.4
USW00023188,"SAN DIEGO INTERNATIONAL AIRPORT, CA US",1981-09,0.8,23.1,25.9,20.3
USW00023188,"SAN DIEGO INTERNATIONAL AIRPORT, CA US",1981-10,3.5,19.5,22.6,16.3
USW00023188,"SAN DIEGO INTERNATIONAL AIRPORT, CA US",1981-11,45.5,17.5,21.5,13.5
USW00023188,"SAN DIEGO INTERNATIONAL AIRPORT, CA US",1981-12,13.8,15.7,20.2,11.2
USW00023188,"SAN DIEGO INTERNATIONAL AIRPORT, CA US",1982-01,68.9,13.6,17.7,9.6
USW00023188,"SAN DIEGO INTERNATIONAL AIRPORT, CA US",1982-02,22.4,16,19.6,12.3
USW00023188,"SAN DIEGO INTERNATIONAL AIRPORT, CA US",1982-03,120.6,15.8,19.6,12.1
USW00023188,"SAN DIEGO INTERNATIONAL AIRPORT, CA US",1982-04,15.7,17.6,21,14.2
USW00023188,"SAN DIEGO INTERNATIONAL AIRPORT, CA US",1982-05,0.3,18.8,21,16.5
USW00023188,"SAN DIEGO INTERNATIONAL AIRPORT, CA US",1982-06,1.1,19.3,21.3,17.2
USW00023188,"SAN DIEGO INTERNATIONAL AIRPORT, CA US",1982-07,0,22.1,25,19.2
USW00023188,"SAN DIEGO INTERNATIONAL AIRPORT, CA US",1982-08,0,23.1,25.7,20.4
USW00023188,"SAN DIEGO INTERNATIONAL AIRPORT, CA US",1982-09,9.7,22.8,26,19.6
USW00023188,"SAN DIEGO INTERNATIONAL AIRPORT, CA US",1982-10,1.3,21.2,26,16.3
USW00023188,"SAN DIEGO INTERNATIONAL AIRPORT, CA US",1982-11,53.4,16.7,21.4,12
USW00023188,"SAN DIEGO INTERNATIONAL AIRPORT, CA US",1982-12,36.3,14.1,18.8,9.4
USW00023188,"SAN DIEGO INTERNATIONAL AIRPORT, CA US",1983-01,53.2,15.9,20.8,11.1
USW00023188,"SAN DIEGO INTERNATIONAL AIRPORT, CA US",1983-02,98.5,16.1,19.6,12.6
USW00023188,"SAN DIEGO INTERNATIONAL AIRPORT, CA US",1983-03,166.8,16.6,19.5,13.7
USW00023188,"SAN DIEGO INTERNATIONAL AIRPORT, CA US",1983-04,44.2,16.9,20.4,13.3
USW00023188,"SAN DIEGO INTERNATIONAL AIRPORT, CA US",1983-05,0.3,19,21.8,16.2
USW00023188,"SAN DIEGO INTERNATIONAL AIRPORT, CA US",1983-06,0,20,22.2,17.9
USW00023188,"SAN DIEGO INTERNATIONAL AIRPORT, CA US",1983-07,0.3,22.5,25.4,19.6
USW00023188,"SAN DIEGO INTERNATIONAL AIRPORT, CA US",1983-08,9.9,25.2,28.2,22.2
USW00023188,"SAN DIEGO INTERNATIONAL AIRPORT, CA US",1983-09,5.5,24.9,27.8,22
USW00023188,"SAN DIEGO INTERNATIONAL AIRPORT, CA US",1983-10,10.2,22.4,25.5,19.2
USW00023188,"SAN DIEGO INTERNATIONAL AIRPORT, CA US",1983-11,49.3,18,21.4,14.5
USW00023188,"SAN DIEGO INTERNATIONAL AIRPORT, CA US",1983-12,38.9,15.9,19.5,12.2
USW00023188,"SAN DIEGO INTERNATIONAL AIRPORT, CA US",1984-01,11.7,16.2,20.9,11.6
USW00023188,"SAN DIEGO INTERNATIONAL AIRPORT, CA US",1984-02,2.3,15.6,20.3,10.9
USW00023188,"SAN DIEGO INTERNATIONAL AIRPORT, CA US",1984-03,1.1,17.6,21.4,13.8
USW00023188,"SAN DIEGO INTERNATIONAL AIRPORT, CA US",1984-04,15.8,18,21.2,14.8
USW00023188,"SAN DIEGO INTERNATIONAL AIRPORT, CA US",1984-05,0,20.1,22.9,17.2
USW00023188,"SAN DIEGO INTERNATIONAL AIRPORT, CA US",1984-06,1.1,21.1,23.2,18.9
USW00023188,"SAN DIEGO INTERNATIONAL AIRPORT, CA US",1984-07,4.8,25.1,27.6,22.5
USW00023188,"SAN DIEGO INTERNATIONAL AIRPORT, CA US",1984-08,1.5,24.8,26.8,22.7
USW00023188,"SAN DIEGO INTERNATIONAL AIRPORT, CA US",1984-09,0,26.1,28.8,23.4
USW00023188,"SAN DIEGO INTERNATIONAL AIRPORT, CA US",1984-10,7.4,20.3,23.3,17.3
USW00023188,"SAN DIEGO INTERNATIONAL AIRPORT, CA US",1984-11,60.2,16.3,19.7,12.9
USW00023188,"SAN DIEGO INTERNATIONAL AIRPORT, CA US",1984-12,115.6,13.7,17.2,10.2
USW00023188,"SAN DIEGO INTERNATIONAL AIRPORT, CA US",1985-01,13.3,13.9,18.2,9.6
USW00023188,"SAN DIEGO INTERNATIONAL AIRPORT, CA US",1985-02,19.5,14,18.2,9.7
USW00023188,"SAN DIEGO INTERNATIONAL AIRPORT, CA US",1985-03,14.7,14.9,18.2,11.6
USW00023188,"SAN DIEGO INTERNATIONAL AIRPORT, CA US",1985-04,8.2,17.5,20.7,14.3
USW00023188,"SAN DIEGO INTERNATIONAL AIRPORT, CA US",1985-05,0,18.2,20.3,16.1
USW00023188,"SAN DIEGO INTERNATIONAL AIRPORT, CA US",1985-06,0,20.6,23.3,17.8
USW00023188,"SAN DIEGO INTERNATIONAL AIRPORT, CA US",1985-07,0,24.1,26.9,21.2
USW00023188,"SAN DIEGO INTERNATIONAL AIRPORT, CA US",1985-08,0,22.4,25.4,19.4
USW00023188,"SAN DIEGO INTERNATIONAL AIRPORT, CA US",1985-09,5.1,21,24.3,17.7
USW00023188,"SAN DIEGO INTERNATIONAL AIRPORT, CA US",1985-10,7.5,20,23.5,16.5
USW00023188,"SAN DIEGO INTERNATIONAL AIRPORT, CA US",1985-11,125.1,15.6,19.1,12
USW00023188,"SAN DIEGO INTERNATIONAL AIRPORT, CA US",1985-12,26.9,14.4,20.1,8.8
USW00023188,"SAN DIEGO INTERNATIONAL AIRPORT, CA US",1986-01,19.1,16.1,21.3,10.9
USW00023188,"SAN DIEGO INTERNATIONAL AIRPORT, CA US",1986-02,65.9,14.9,18.7,11.1
USW00023188,"SAN DIEGO INTERNATIONAL AIRPORT, CA US",1986-03,79.3,15.9,19.4,12.3
USW00023188,"SAN DIEGO INTERNATIONAL AIRPORT, CA US",1986-04,29.8,17.1,20.9,13.4
USW00023188,"SAN DIEGO INTERNATIONAL AIRPORT, CA US",1986-05,0,18.1,21.1,15.1
USW00023188,"SAN DIEGO INTERNATIONAL AIRPORT, CA US",1986-06,0,19.7,22.4,17
USW00023188,"SAN DIEGO INTERNATIONAL AIRPORT, CA US",1986-07,0.3,20.9,23.8,17.9
USW00023188,"SAN DIEGO INTERNATIONAL AIRPORT, CA US",1986-08,0,22.1,25.3,18.9
USW00023188,"SAN DIEGO INTERNATIONAL AIRPORT, CA US",1986-09,26.5,19.4,22.2,16.6
USW00023188,"SAN DIEGO INTERNATIONAL AIRPORT, CA US",1986-10,35.3,18.6,22.1,15
USW00023188,"SAN DIEGO INTERNATIONAL AIRPORT, CA US",1986-11,29.4,17.1,22.2,11.9
USW00023188,"SAN DIEGO INTERNATIONAL AIRPORT, CA US",1986-12,24.2,14.2,19.2,9.2
USW00023188,"SAN DIEGO INTERNATIONAL AIRPORT, CA US",1987-01,42.7,12.9,17.8,8.1
USW00023188,"SAN DIEGO INTERNATIONAL AIRPORT, CA US",1987-02,39,14.4,18.9,9.9
USW00023188,"SAN DIEGO INTERNATIONAL AIRPORT, CA US",1987-03,26.3,15.1,19,11.1
USW00023188,"SAN DIEGO INTERNATIONAL AIRPORT, CA US",1987-04,19.8,17.4,21.2,13.7
USW00023188,"SAN DIEGO INTERNATIONAL AIRPORT, CA US",1987-05,0.8,18.1,20.6,15.7
USW00023188,"SAN DIEGO INTERNATIONAL AIRPORT, CA US",1987-06,0,18.8,21.1,16.4
USW00023188,"SAN DIEGO INTERNATIONAL AIRPORT, CA US",1987-07,0.8,19.5,22,16.9
USW00023188,"SAN DIEGO INTERNATIONAL AIRPORT, CA US",1987-08,0.3,21,23.7,18.4
USW00023188,"SAN DIEGO INTERNATIONAL AIRPORT, CA US",1987-09,17.8,21.1,24.1,18
USW00023188,"SAN DIEGO INTERNATIONAL AIRPORT, CA US",1987-10,44.2,20.8,24.2,17.4
USW00023188,"SAN DIEGO INTERNATIONAL AIRPORT, CA US",1987-11,33.9,16.6,20.9,12.2
USW00023188,"SAN DIEGO INTERNATIONAL AIRPORT, CA US",1987-12,69.3,12.2,16.7,7.7
USW00023188,"SAN DIEGO INTERNATIONAL AIRPORT, CA US",1988-01,22.7,13.7,18.7,8.7
USW00023188,"SAN DIEGO INTERNATIONAL AIRPORT, CA US",1988-02,34.7,15.5,20.8,10.2
USW00023188,"SAN DIEGO INTERNATIONAL AIRPORT, CA US",1988-03,15,16.5,21.2,11.7
USW00023188,"SAN DIEGO INTERNATIONAL AIRPORT, CA US",1988-04,94.2,16.9,20.7,13
USW00023188,"SAN DIEGO INTERNATIONAL AIRPORT, CA US",1988-05,2.1,17.7,20.9,14.4
USW00023188,"SAN DIEGO INTERNATIONAL AIRPORT, CA US",1988-06,0,18.3,20.9,15.6
USW00023188,"SAN DIEGO INTERNATIONAL AIRPORT, CA US",1988-07,0,21.3,23.9,18.7
USW00023188,"SAN DIEGO INTERNATIONAL AIRPORT, CA US",1988-08,0,21.7,24.3,19
USW00023188,"SAN DIEGO INTERNATIONAL AIRPORT, CA US",1988-09,0,21.1,24.4,17.8
USW00023188,"SAN DIEGO INTERNATIONAL AIRPORT, CA US",1988-10,0,19.3,21.9,16.6
USW00023188,"SAN DIEGO INTERNATIONAL AIRPORT, CA US",1988-11,35.4,15.6,19.6,11.6
USW00023188,"SAN DIEGO INTERNATIONAL AIRPORT, CA US",1988-12,56.6,13.3,18,8.6
USW00023188,"SAN DIEGO INTERNATIONAL AIRPORT, CA US",1989-01,10.7,12.6,18.1,7.1
USW00023188,"SAN DIEGO INTERNATIONAL AIRPORT, CA US",1989-02,17.9,13.7,17.7,9.7
USW00023188,"SAN DIEGO INTERNATIONAL AIRPORT, CA US",1989-03,17.5,15.4,19.1,11.8
USW00023188,"SAN DIEGO INTERNATIONAL AIRPORT, CA US",1989-04,3,18.7,22.3,15.1
USW00023188,"SAN DIEGO INTERNATIONAL AIRPORT, CA US",1989-05,1,17.6,20.4,14.8
USW00023188,"SAN DIEGO INTERNATIONAL AIRPORT, CA US",1989-06,1.6,18.9,21.6,16.2
USW00023188,"SAN DIEGO INTERNATIONAL AIRPORT, CA US",1989-07,0,21.1,24,18.2
USW00023188,"SAN DIEGO INTERNATIONAL AIRPORT, CA US",1989-08,0,21.6,24.2,19.1
USW00023188,"SAN DIEGO INTERNATIONAL AIRPORT, CA US",1989-09,5.8,21.3,25.2,17.4
USW00023188,"SAN DIEGO INTERNATIONAL AIRPORT, CA US",1989-10,11.9,19,22.5,15.6
USW00023188,"SAN DIEGO INTERNATIONAL AIRPORT, CA US",1989-11,2.3,17.3,22.6,11.9
USW00023188,"SAN DIEGO INTERNATIONAL AIRPORT, CA US",1989-12,25.7,14.8,21.1,8.6
USW00023188,"SAN DIEGO INTERNATIONAL AIRPORT, CA US",1990-01,64.1,13.7,19,8.4
USW00023188,"SAN DIEGO INTERNATIONAL AIRPORT, CA US",1990-02,28.8,12.9,17.4,8.4
USW00023188,"SAN DIEGO INTERNATIONAL AIRPORT, CA US",1990-03,6.3,14.9,18.3,11.4
USW00023188,"SAN DIEGO INTERNATIONAL AIRPORT, CA US",1990-04,19.5,17.3,20.1,14.5
USW00023188,"SAN DIEGO INTERNATIONAL AIRPORT, CA US",1990-05,12.9,17.9,20.8,15.1
USW00023188,"SAN DIEGO INTERNATIONAL AIRPORT, CA US",1990-06,22.1,20.5,23.8,17.2
USW00023188,"SAN DIEGO INTERNATIONAL AIRPORT, CA US",1990-07,0,22.4,25.5,19.3
USW00023188,"SAN DIEGO INTERNATIONAL AIRPORT, CA US",1990-08,0.3,22,24.6,19.3
USW00023188,"SAN DIEGO INTERNATIONAL AIRPORT, CA US",1990-09,0,22.1,25.2,18.9
USW00023188,"SAN DIEGO INTERNATIONAL AIRPORT, CA US",1990-10,0,20.4,25,15.7
USW00023188,"SAN DIEGO INTERNATIONAL AIRPORT, CA US",1990-11,16.5,17,22.3,11.7
USW00023188,"SAN DIEGO INTERNATIONAL AIRPORT, CA US",1990-12,15,13.1,18.8,7.5
USW00023188,"SAN DIEGO INTERNATIONAL AIRPORT, CA US",1991-01,26.9,14.1,18.7,9.5
USW00023188,"SAN DIEGO INTERNATIONAL AIRPORT, CA US",1991-02,62.5,15.2,19.6,10.8
USW00023188,"SAN DIEGO INTERNATIONAL AIRPORT, CA US",1991-03,176.8,13.6,17.2,10.1
USW00023188,"SAN DIEGO INTERNATIONAL AIRPORT, CA US",1991-04,1.3,16.5,20,13
USW00023188,"SAN DIEGO INTERNATIONAL AIRPORT, CA US",1991-05,0.3,16.7,19.8,13.6
USW00023188,"SAN DIEGO INTERNATIONAL AIRPORT, CA US",1991-06,0,17.9,20.5,15.3
USW00023188,"SAN DIEGO INTERNATIONAL AIRPORT, CA US",1991-07,6.1,19.7,22.1,17.2
USW00023188,"SAN DIEGO INTERNATIONAL AIRPORT, CA US",1991-08,0.3,20.5,23.3,17.7
USW00023188,"SAN DIEGO INTERNATIONAL AIRPORT, CA US",1991-09,7.1,20.8,23.7,17.8
USW00023188,"SAN DIEGO INTERNATIONAL AIRPORT, CA US",1991-10,17.5,20,23.6,16.3
USW00023188,"SAN DIEGO INTERNATIONAL AIRPORT, CA US",1991-11,1.3,16.8,22.3,11.3
USW00023188,"SAN DIEGO INTERNATIONAL AIRPORT, CA US",1991-12,43.3,14,18.6,9.5
USW00023188,"SAN DIEGO INTERNATIONAL AIRPORT, CA US",1992-01,45.9,14.1,20,8.2
USW00023188,"SAN DIEGO INTERNATIONAL AIRPORT, CA US",1992-02,84.8,16.2,20.5,11.9
USW00023188,"SAN DIEGO INTERNATIONAL AIRPORT, CA US",1992-03,112.4,15.8,18.7,12.8
USW00023188,"SAN DIEGO INTERNATIONAL AIRPORT, CA US",1992-04,7.1,19.4,23,15.8
USW00023188,"SAN DIEGO INTERNATIONAL AIRPORT, CA US",1992-05,1.8,20,22.4,17.5
USW00023188,"SAN DIEGO INTERNATIONAL AIRPORT, CA US",1992-06,1,20,22.9,17.1
USW00023188,"SAN DIEGO INTERNATIONAL AIRPORT, CA US",1992-07,0.8,22.1,24.9,19.2
USW00023188,"SAN DIEGO INTERNATIONAL AIRPORT, CA US",1992-08,1.3,23.8,26.9,20.8
USW00023188,"SAN DIEGO INTERNATIONAL AIRPORT, CA US",1992-09,0,22.4,26.1,18.7
USW00023188,"SAN DIEGO INTERNATIONAL AIRPORT, CA US",1992-10,4.6,20.1,23.4,16.8
USW00023188,"SAN DIEGO INTERNATIONAL AIRPORT, CA US",1992-11,0.8,17,22.9,11.1
USW00023188,"SAN DIEGO INTERNATIONAL AIRPORT, CA US",1992-12,65,12.9,17.7,8.2
USW00023188,"SAN DIEGO INTERNATIONAL AIRPORT, CA US",1993-01,230.8,13.8,17.6,10.1
USW00023188,"SAN DIEGO INTERNATIONAL AIRPORT, CA US",1993-02,120.1,14.4,17.9,10.9
USW00023188,"SAN DIEGO INTERNATIONAL AIRPORT, CA US",1993-03,31.1,16.3,20.1,12.4
USW00023188,"SAN DIEGO INTERNATIONAL AIRPORT, CA US",1993-04,0,17.6,21.3,14
USW00023188,"SAN DIEGO INTERNATIONAL AIRPORT, CA US",1993-05,0.3,18.9,22,15.8
USW00023188,"SAN DIEGO INTERNATIONAL AIRPORT, CA US",1993-06,10.5,20.3,23.3,17.3
USW00023188,"SAN DIEGO INTERNATIONAL AIRPORT, CA US",1993-07,0.8,21,23.3,18.6
USW00023188,"SAN DIEGO INTERNATIONAL AIRPORT, CA US",1993-08,0,21.2,23.9,18.5
USW00023188,"SAN DIEGO INTERNATIONAL AIRPORT, CA US",1993-09,0,20.6,23.8,17.3
USW00023188,"SAN DIEGO INTERNATIONAL AIRPORT, CA US",1993-10,5.7,19.6,23.4,15.9
USW00023188,"SAN DIEGO INTERNATIONAL AIRPORT, CA US",1993-11,19.5,16.4,21.5,11.4
USW00023188,"SAN DIEGO INTERNATIONAL AIRPORT, CA US",1993-12,19.9,13.9,19.3,8.4
USW00023188,"SAN DIEGO INTERNATIONAL AIRPORT, CA US",1994-01,17.8,14.4,20.2,8.5
USW00023188,"SAN DIEGO INTERNATIONAL AIRPORT, CA US",1994-02,69.9,13.6,17.8,9.4
USW00023188,"SAN DIEGO INTERNATIONAL AIRPORT, CA US",1994-03,93.2,15.8,19.4,12.1
USW00023188,"SAN DIEGO INTERNATIONAL AIRPORT, CA US",1994-04,23.5,16.1,19,13.1
USW00023188,"SAN DIEGO INTERNATIONAL AIRPORT, CA US",1994-05,1.9,16.7,19.2,14.3
USW00023188,"SAN DIEGO INTERNATIONAL AIRPORT, CA US",1994-06,0,20.1,23.2,16.9
USW00023188,"SAN DIEGO INTERNATIONAL AIRPORT, CA US",1994-07,0.8,20.8,23.4,18.3
USW00023188,"SAN DIEGO INTERNATIONAL AIRPORT, CA US",1994-08,0.3,23.3,26.6,20.1
USW00023188,"SAN DIEGO INTERNATIONAL AIRPORT, CA US",1994-09,0,22.5,26,19
USW00023188,"SAN DIEGO INTERNATIONAL AIRPORT, CA US",1994-10,0.3,19.3,23.4,15.3
USW00023188,"SAN DIEGO INTERNATIONAL AIRPORT, CA US",1994-11,11.7,13.6,18.7,8.4
USW00023188,"SAN DIEGO INTERNATIONAL AIRPORT, CA US",1994-12,20.3,13.2,17.8,8.7
USW00023188,"SAN DIEGO INTERNATIONAL AIRPORT, CA US",1995-01,204.5,13.8,17.1,10.6
USW00023188,"SAN DIEGO INTERNATIONAL AIRPORT, CA US",1995-02,49.1,16.3,20.1,12.6
USW00023188,"SAN DIEGO INTERNATIONAL AIRPORT, CA US",1995-03,97,15.8,19.3,12.2
USW00023188,"SAN DIEGO INTERNATIONAL AIRPORT, CA US",1995-04,24.4,16.4,20.3,12.5
USW00023188,"SAN DIEGO INTERNATIONAL AIRPORT, CA US",1995-05,15,16.7,19.4,14
USW00023188,"SAN DIEGO INTERNATIONAL AIRPORT, CA US",1995-06,11.7,18.2,21,15.4
USW00023188,"SAN DIEGO INTERNATIONAL AIRPORT, CA US",1995-07,1.3,20.5,23.8,17.2
USW00023188,"SAN DIEGO INTERNATIONAL AIRPORT, CA US",1995-08,0,22.2,25.8,18.5
USW00023188,"SAN DIEGO INTERNATIONAL AIRPORT, CA US",1995-09,0,21.9,25.2,18.6
USW00023188,"SAN DIEGO INTERNATIONAL AIRPORT, CA US",1995-10,0,19.5,22.8,16.2
USW00023188,"SAN DIEGO INTERNATIONAL AIRPORT, CA US",1995-11,7.6,17.3,21.3,13.3
USW00023188,"SAN DIEGO INTERNATIONAL AIRPORT, CA US",1995-12,22.4,14.6,18.6,10.6
USW00023188,"SAN DIEGO INTERNATIONAL AIRPORT, CA US",1996-01,38.7,14.2,18.5,9.9
USW00023188,"SAN DIEGO INTERNATIONAL AIRPORT, CA US",1996-02,22.4,14.9,17.9,11.9
USW00023188,"SAN DIEGO INTERNATIONAL AIRPORT, CA US",1996-03,28,15.6,18.9,12.2
USW00023188,"SAN DIEGO INTERNATIONAL AIRPORT, CA US",1996-04,9.3,18.1,22,14.2
USW00023188,"SAN DIEGO INTERNATIONAL AIRPORT, CA US",1996-05,0.5,19.3,21.8,16.9
USW00023188,"SAN DIEGO INTERNATIONAL AIRPORT, CA US",1996-06,0,19.9,22.4,17.4
USW00023188,"SAN DIEGO INTERNATIONAL AIRPORT, CA US",1996-07,2.3,21.1,23.6,18.7
USW00023188,"SAN DIEGO INTERNATIONAL AIRPORT, CA US",1996-08,0,22.7,25.4,20
USW00023188,"SAN DIEGO INTERNATIONAL AIRPORT, CA US",1996-09,0.8,21.4,23.7,19.2
USW00023188,"SAN DIEGO INTERNATIONAL AIRPORT, CA US",1996-10,23.9,17.9,20.9,15
USW00023188,"SAN DIEGO INTERNATIONAL AIRPORT, CA US",1996-11,43.2,16.4,20.5,12.3
USW00023188,"SAN DIEGO INTERNATIONAL AIRPORT, CA US",1996-12,16.2,14.3,18.4,10.3
USW00023188,"SAN DIEGO INTERNATIONAL AIRPORT, CA US",1997-01,76.8,14.4,17.9,11
USW00023188,"SAN DIEGO INTERNATIONAL AIRPORT, CA US",1997-02,8,14.6,19.1,10.2
USW00023188,"SAN DIEGO INTERNATIONAL AIRPORT, CA US",1997-03,0,16.4,20.6,12.3
USW00023188,"SAN DIEGO INTERNATIONAL AIRPORT, CA US",1997-04,7.1,16.9,20,13.9
USW00023188,"SAN DIEGO INTERNATIONAL AIRPORT, CA US",1997-05,0,20.4,23.1,17.7
USW00023188,"SAN DIEGO INTERNATIONAL AIRPORT, CA US",1997-06,0,19.7,21.6,17.8
USW00023188,"SAN DIEGO INTERNATIONAL AIRPORT, CA US",1997-07,0,20.7,23.1,18.3
USW00023188,"SAN DIEGO INTERNATIONAL AIRPORT, CA US",1997-08,0,22.7,25.4,20.1
USW00023188,"SAN DIEGO INTERNATIONAL AIRPORT, CA US",1997-09,21.6,24,27.3,20.6
USW00023188,"SAN DIEGO INTERNATIONAL AIRPORT, CA US",1997-10,0.5,20.4,24.3,16.5
USW00023188,"SAN DIEGO INTERNATIONAL AIRPORT, CA US",1997-11,29.7,17.8,21.8,13.7
USW00023188,"SAN DIEGO INTERNATIONAL AIRPORT, CA US",1997-12,34.3,14.1,19.1,9.1
USW00023188,"SAN DIEGO INTERNATIONAL AIRPORT, CA US",1998-01,68.1,14.6,17.9,11.3
USW00023188,"SAN DIEGO INTERNATIONAL AIRPORT, CA US",1998-02,194.3,14.1,17.1,10.9
USW00023188,"SAN DIEGO INTERNATIONAL AIRPORT, CA US",1998-03,56.1,15.1,18.3,11.9
USW00023188,"SAN DIEGO INTERNATIONAL AIRPORT, CA US",1998-04,28.2,15.4,18.6,12.1
USW00023188,"SAN DIEGO INTERNATIONAL AIRPORT, CA US",1998-05,16.3,17.1,19.4,14.8
USW00023188,"SAN DIEGO INTERNATIONAL AIRPORT, CA US",1998-06,2.6,18.7,20.9,16.4
USW00023188,"SAN DIEGO INTERNATIONAL AIRPORT, CA US",1998-07,5.1,20.4,22.9,17.9
USW00023188,"SAN DIEGO INTERNATIONAL AIRPORT, CA US",1998-08,0,22.6,25.5,19.8
USW00023188,"SAN DIEGO INTERNATIONAL AIRPORT, CA US",1998-09,0.8,21.3,23.5,19
USW00023188,"SAN DIEGO INTERNATIONAL AIRPORT, CA US",1998-10,2.1,18.7,22,15.4
USW00023188,"SAN DIEGO INTERNATIONAL AIRPORT, CA US",1998-11,17.5,15.4,19.2,11.5
USW00023188,"SAN DIEGO INTERNATIONAL AIRPORT, CA US",1998-12,16.8,13,17.7,8.3
USW00023188,"SAN DIEGO INTERNATIONAL AIRPORT, CA US",1999-01,39.2,14.2,18.5,9.9
USW00023188,"SAN DIEGO INTERNATIONAL AIRPORT, CA US",1999-02,17.8,14.3,18.3,10.3
USW00023188,"SAN DIEGO INTERNATIONAL AIRPORT, CA US",1999-03,27.7,14.6,17.6,11.7
USW00023188,"SAN DIEGO INTERNATIONAL AIRPORT, CA US",1999-04,41.2,14.9,18.1,11.7
USW00023188,"SAN DIEGO INTERNATIONAL AIRPORT, CA US",1999-05,1.5,15.8,18,13.7
USW00023188,"SAN DIEGO INTERNATIONAL AIRPORT, CA US",1999-06,1,17.1,19.4,14.8
USW00023188,"SAN DIEGO INTERNATIONAL AIRPORT, CA US",1999-07,0,20.2,22.6,17.9
USW00023188,"SAN DIEGO INTERNATIONAL AIRPORT, CA US",1999-08,0,20,22.6,17.4
USW00023188,"SAN DIEGO INTERNATIONAL AIRPORT, CA US",1999-09,0.6,19.4,21.9,16.9
USW00023188,"SAN DIEGO INTERNATIONAL AIRPORT, CA US",1999-10,0,20.4,25.4,15.5
USW00023188,"SAN DIEGO INTERNATIONAL AIRPORT, CA US",1999-11,1,15.8,19.6,12
USW00023188,"SAN DIEGO INTERNATIONAL AIRPORT, CA US",1999-12,8.2,14.3,19.8,8.9
USW00023188,"SAN DIEGO INTERNATIONAL AIRPORT, CA US",2000-01,4.4,14.6,18.8,10.3
USW00023188,"SAN DIEGO INTERNATIONAL AIRPORT, CA US",2000-02,93.3,15,18.5,11.5
USW00023188,"SAN DIEGO INTERNATIONAL AIRPORT, CA US",2000-03,25.5,14.5,17.6,11.4
USW00023188,"SAN DIEGO INTERNATIONAL AIRPORT, CA US",2000-04,13.7,16.9,19.8,13.9
USW00023188,"SAN DIEGO INTERNATIONAL AIRPORT, CA US",2000-05,0,18.1,20.6,15.6
USW00023188,"SAN DIEGO INTERNATIONAL AIRPORT, CA US",2000-06,0,20.1,22.5,17.7
USW00023188,"SAN DIEGO INTERNATIONAL AIRPORT, CA US",2000-07,0,20.6,23,18.2
USW00023188,"SAN DIEGO INTERNATIONAL AIRPORT, CA US",2000-08,0.3,22.2,24.6,19.8
USW00023188,"SAN DIEGO INTERNATIONAL AIRPORT, CA US",2000-09,0,21.4,24.2,18.6
USW00023188,"SAN DIEGO INTERNATIONAL AIRPORT, CA US",2000-10,31.7,18.4,20.9,16
USW00023188,"SAN DIEGO INTERNATIONAL AIRPORT, CA US",2000-11,6.6,14.6,18.9,10.4
USW00023188,"SAN DIEGO INTERNATIONAL AIRPORT, CA US",2000-12,0.3,14.5,19.4,9.6
USW00023188,"SAN DIEGO INTERNATIONAL AIRPORT, CA US",2001-01,83.2,12.6,16.8,8.4
USW00023188,"SAN DIEGO INTERNATIONAL AIRPORT, CA US",2001-02,60.5,12.7,16.5,8.9
USW00023188,"SAN DIEGO INTERNATIONAL AIRPORT, CA US",2001-03,16,14.9,17.6,12.3
USW00023188,"SAN DIEGO INTERNATIONAL AIRPORT, CA US",2001-04,19.2,14.8,17.6,11.9
USW00023188,"SAN DIEGO INTERNATIONAL AIRPORT, CA US",2001-05,0.3,17.6,19.7,15.4
USW00023188,"SAN DIEGO INTERNATIONAL AIRPORT, CA US",2001-06,0,19.8,22.2,17.3
USW00023188,"SAN DIEGO INTERNATIONAL AIRPORT, CA US",2001-07,0,20.6,22.8,18.3
USW00023188,"SAN DIEGO INTERNATIONAL AIRPORT, CA US",2001-08,0,20.9,23.1,18.7
USW00023188,"SAN DIEGO INTERNATIONAL AIRPORT, CA US",2001-09,0,20.1,22.9,17.4
USW00023188,"SAN DIEGO INTERNATIONAL AIRPORT, CA US",2001-10,0,19.1,21.7,16.4
USW00023188,"SAN DIEGO INTERNATIONAL AIRPORT, CA US",2001-11,24,16.3,19.4,13.2
USW00023188,"SAN DIEGO INTERNATIONAL AIRPORT, CA US",2001-12,11.7,13,17.4,8.6
USW00023188,"SAN DIEGO INTERNATIONAL AIRPORT, CA US",2002-01,8.1,13.1,17.2,9.1
USW00023188,"SAN DIEGO INTERNATIONAL AIRPORT, CA US",2002-02,4.3,14.1,19,9.3
USW00023188,"SAN DIEGO INTERNATIONAL AIRPORT, CA US",2002-03,11.8,14.3,17.6,10.9
USW00023188,"SAN DIEGO INTERNATIONAL AIRPORT, CA US",2002-04,16.1,15.3,17.6,13
USW00023188,"SAN DIEGO INTERNATIONAL AIRPORT, CA US",2002-05,0,16.6,18.9,14.2
USW00023188,"SAN DIEGO INTERNATIONAL AIRPORT, CA US",2002-06,0,18.2,20.4,16
USW00023188,"SAN DIEGO INTERNATIONAL AIRPORT, CA US",2002-07,0,19.9,22.1,17.7
USW00023188,"SAN DIEGO INTERNATIONAL AIRPORT, CA US",2002-08,0,20.4,23,17.9
USW00023188,"SAN DIEGO INTERNATIONAL AIRPORT, CA US",2002-09,7.9,21.1,24.1,18.1
USW00023188,"SAN DIEGO INTERNATIONAL AIRPORT, CA US",2002-10,1.1,17.9,20.2,15.6
USW00023188,"SAN DIEGO INTERNATIONAL AIRPORT, CA US",2002-11,8.1,17.4,21.9,13
USW00023188,"SAN DIEGO INTERNATIONAL AIRPORT, CA US",2002-12,50.3,13.8,17.6,9.9
USW00023188,"SAN DIEGO INTERNATIONAL AIRPORT, CA US",2003-01,0.5,16.5,21.9,11.1
USW00023188,"SAN DIEGO INTERNATIONAL AIRPORT, CA US",2003-02,124,15,18.1,11.9
USW00023188,"SAN DIEGO INTERNATIONAL AIRPORT, CA US",2003-03,34.5,15.7,19.2,12.2
USW00023188,"SAN DIEGO INTERNATIONAL AIRPORT, CA US",2003-04,35.9,15.5,18.5,12.5
USW00023188,"SAN DIEGO INTERNATIONAL AIRPORT, CA US",2003-05,7.6,16.9,19.4,14.4
USW00023188,"SAN DIEGO INTERNATIONAL AIRPORT, CA US",2003-06,0,17.9,19.7,16.1
USW00023188,"SAN DIEGO INTERNATIONAL AIRPORT, CA US",2003-07,0,21.1,23.5,18.7
USW00023188,"SAN DIEGO INTERNATIONAL AIRPORT, CA US",2003-08,0,22.6,25.3,19.9
USW00023188,"SAN DIEGO INTERNATIONAL AIRPORT, CA US",2003-09,0,21,23.3,18.7
USW00023188,"SAN DIEGO INTERNATIONAL AIRPORT, CA US",2003-10,0,19.8,22.8,16.9
USW00023188,"SAN DIEGO INTERNATIONAL AIRPORT, CA US",2003-11,15.3,16,19.7,12.3
USW00023188,"SAN DIEGO INTERNATIONAL AIRPORT, CA US",2003-12,15.6,13.8,18.1,9.5
USW00023188,"SAN DIEGO INTERNATIONAL AIRPORT, CA US",2004-01,8.6,13.8,17.7,9.9
USW00023188,"SAN DIEGO INTERNATIONAL AIRPORT, CA US",2004-02,71.3,13.7,17.6,9.8
USW00023188,"SAN DIEGO INTERNATIONAL AIRPORT, CA US",2004-03,5.7,17,20.2,13.8
USW00023188,"SAN DIEGO INTERNATIONAL AIRPORT, CA US",2004-04,15.2,18,20.8,15.1
USW00023188,"SAN DIEGO INTERNATIONAL AIRPORT, CA US",2004-05,0,20.3,23.2,17.3
USW00023188,"SAN DIEGO INTERNATIONAL AIRPORT, CA US",2004-06,0,19.9,21.7,18.1
USW00023188,"SAN DIEGO INTERNATIONAL AIRPORT, CA US",2004-07,0,22.2,24.7,19.8
USW00023188,"SAN DIEGO INTERNATIONAL AIRPORT, CA US",2004-08,0,21.5,23.8,19.3
USW00023188,"SAN DIEGO INTERNATIONAL AIRPORT, CA US",2004-09,0,22.6,25.6,19.5
USW00023188,"SAN DIEGO INTERNATIONAL AIRPORT, CA US",2004-10,126.5,18.5,20.9,16.1
USW00023188,"SAN DIEGO INTERNATIONAL AIRPORT, CA US",2004-11,8.4,15.6,19.4,11.7
USW00023188,"SAN DIEGO INTERNATIONAL AIRPORT, CA US",2004-12,101.8,14.3,18.4,10.2
USW00023188,"SAN DIEGO INTERNATIONAL AIRPORT, CA US",2005-01,114.2,14.9,18.8,10.9
USW00023188,"SAN DIEGO INTERNATIONAL AIRPORT, CA US",2005-02,148.2,15.5,18.6,12.3
USW00023188,"SAN DIEGO INTERNATIONAL AIRPORT, CA US",2005-03,53.9,16.1,19,13.1
USW00023188,"SAN DIEGO INTERNATIONAL AIRPORT, CA US",2005-04,15.1,16.5,19.9,13.1
USW00023188,"SAN DIEGO INTERNATIONAL AIRPORT, CA US",2005-05,3,18.6,21.2,15.9
USW00023188,"SAN DIEGO INTERNATIONAL AIRPORT, CA US",2005-06,0.5,19.1,21.3,16.9
USW00023188,"SAN DIEGO INTERNATIONAL AIRPORT, CA US",2005-07,0.3,21.1,23.6,18.6
USW00023188,"SAN DIEGO INTERNATIONAL AIRPORT, CA US",2005-08,0,21.7,24.2,19.1
USW00023188,"SAN DIEGO INTERNATIONAL AIRPORT, CA US",2005-09,2.6,20.3,23.4,17.2
USW00023188,"SAN DIEGO INTERNATIONAL AIRPORT, CA US",2005-10,11.8,18.8,21.8,15.8
USW00023188,"SAN DIEGO INTERNATIONAL AIRPORT, CA US",2005-11,3.1,17.1,21.4,12.8
USW00023188,"SAN DIEGO INTERNATIONAL AIRPORT, CA US",2005-12,6.4,14.7,18.6,10.8
USW00023188,"SAN DIEGO INTERNATIONAL AIRPORT, CA US",2006-01,9.1,13.9,18.4,9.4
USW00023188,"SAN DIEGO INTERNATIONAL AIRPORT, CA US",2006-02,28.2,14.6,18.9,10.3
USW00023188,"SAN DIEGO INTERNATIONAL AIRPORT, CA US",2006-03,34.5,14,17,11
USW00023188,"SAN DIEGO INTERNATIONAL AIRPORT, CA US",2006-04,22.4,16.6,19.6,13.6
USW00023188,"SAN DIEGO INTERNATIONAL AIRPORT, CA US",2006-05,19.6,18.2,20.4,16
USW00023188,"SAN DIEGO INTERNATIONAL AIRPORT, CA US",2006-06,0,21.5,24.3,18.8
USW00023188,"SAN DIEGO INTERNATIONAL AIRPORT, CA US",2006-07,1.1,24.6,27.3,21.9
USW00023188,"SAN DIEGO INTERNATIONAL AIRPORT, CA US",2006-08,0.3,22.8,25.3,20.4
USW00023188,"SAN DIEGO INTERNATIONAL AIRPORT, CA US",2006-09,0,21.2,24.2,18.2
USW00023188,"SAN DIEGO INTERNATIONAL AIRPORT, CA US",2006-10,19.3,18.8,22.1,15.5
USW00023188,"SAN DIEGO INTERNATIONAL AIRPORT, CA US",2006-11,3.8,17.5,21.5,13.5
USW00023188,"SAN DIEGO INTERNATIONAL AIRPORT, CA US",2006-12,18.1,13.6,18.6,8.5
USW00023188,"SAN DIEGO INTERNATIONAL AIRPORT, CA US",2007-01,12.9,12.3,16.8,7.7
USW00023188,"SAN DIEGO INTERNATIONAL AIRPORT, CA US",2007-02,28.6,14.2,18,10.3
USW00023188,"SAN DIEGO INTERNATIONAL AIRPORT, CA US",2007-03,2.3,15.5,19.2,11.8
USW00023188,"SAN DIEGO INTERNATIONAL AIRPORT, CA US",2007-04,11.8,15.5,18,13
USW00023188,"SAN DIEGO INTERNATIONAL AIRPORT, CA US",2007-05,0,17.2,19.6,14.8
USW00023188,"SAN DIEGO INTERNATIONAL AIRPORT, CA US",2007-06,0,18.5,20.9,16.1
USW00023188,"SAN DIEGO INTERNATIONAL AIRPORT, CA US",2007-07,0,21,23.4,18.7
USW00023188,"SAN DIEGO INTERNATIONAL AIRPORT, CA US",2007-08,0,22.9,25.4,20.5
USW00023188,"SAN DIEGO INTERNATIONAL AIRPORT, CA US",2007-09,1.3,20.9,23.7,18
USW00023188,"SAN DIEGO INTERNATIONAL AIRPORT, CA US",2007-10,9.4,19.3,23.1,15.5
USW00023188,"SAN DIEGO INTERNATIONAL AIRPORT, CA US",2007-11,24.6,16.2,19.3,13.1
USW00023188,"SAN DIEGO INTERNATIONAL AIRPORT, CA US",2007-12,20.4,12.4,16.4,8.3
USW00023188,"SAN DIEGO INTERNATIONAL AIRPORT, CA US",2008-01,84.9,12.4,16.1,8.7
USW00023188,"SAN DIEGO INTERNATIONAL AIRPORT, CA US",2008-02,30.7,13.1,17.2,9.1
USW00023188,"SAN DIEGO INTERNATIONAL AIRPORT, CA US",2008-03,6.6,14.9,18.8,11.1
USW00023188,"SAN DIEGO INTERNATIONAL AIRPORT, CA US",2008-04,0,16.6,20.3,12.8
USW00023188,"SAN DIEGO INTERNATIONAL AIRPORT, CA US",2008-05,5.8,17.4,20.3,14.6
USW00023188,"SAN DIEGO INTERNATIONAL AIRPORT, CA US",2008-06,0.5,19.4,22.4,16.5
USW00023188,"SAN DIEGO INTERNATIONAL AIRPORT, CA US",2008-07,0,20.9,23.1,18.6
USW00023188,"SAN DIEGO INTERNATIONAL AIRPORT, CA US",2008-08,0,22.3,24.7,19.9
USW00023188,"SAN DIEGO INTERNATIONAL AIRPORT, CA US",2008-09,0,21.7,24.4,19.1
USW00023188,"SAN DIEGO INTERNATIONAL AIRPORT, CA US",2008-10,4.6,20.6,25.6,15.5
USW00023188,"SAN DIEGO INTERNATIONAL AIRPORT, CA US",2008-11,63.3,18.1,22.6,13.5
USW00023188,"SAN DIEGO INTERNATIONAL AIRPORT, CA US",2008-12,85.9,13.6,17.1,10.1
USW00023188,"SAN DIEGO INTERNATIONAL AIRPORT, CA US",2009-01,2.1,15.5,20.8,10.2
USW00023188,"SAN DIEGO INTERNATIONAL AIRPORT, CA US",2009-02,66.8,14.4,18.5,10.2
USW00023188,"SAN DIEGO INTERNATIONAL AIRPORT, CA US",2009-03,4.6,15.3,18.6,11.9
USW00023188,"SAN DIEGO INTERNATIONAL AIRPORT, CA US",2009-04,3.6,17,20.3,13.7
USW00023188,"SAN DIEGO INTERNATIONAL AIRPORT, CA US",2009-05,1,17.8,20,15.7
USW00023188,"SAN DIEGO INTERNATIONAL AIRPORT, CA US",2009-06,0.8,19,21.1,16.9
USW00023188,"SAN DIEGO INTERNATIONAL AIRPORT, CA US",2009-07,0,21.5,24.2,18.8
USW00023188,"SAN DIEGO INTERNATIONAL AIRPORT, CA US",2009-08,0,22.4,25.4,19.4
USW00023188,"SAN DIEGO INTERNATIONAL AIRPORT, CA US",2009-09,0,22.3,25.3,19.3
USW00023188,"SAN DIEGO INTERNATIONAL AIRPORT, CA US",2009-10,0,18.7,22.1,15.2
USW00023188,"SAN DIEGO INTERNATIONAL AIRPORT, CA US",2009-11,3,16.2,20.8,11.7
USW00023188,"SAN DIEGO INTERNATIONAL AIRPORT, CA US",2009-12,57.9,13.7,17.5,9.9
USW00023188,"SAN DIEGO INTERNATIONAL AIRPORT, CA US",2010-01,85.9,14.6,19.2,10
USW00023188,"SAN DIEGO INTERNATIONAL AIRPORT, CA US",2010-02,57.9,14.6,18.3,10.9
USW00023188,"SAN DIEGO INTERNATIONAL AIRPORT, CA US",2010-03,17.3,15.7,19.6,11.8
USW00023188,"SAN DIEGO INTERNATIONAL AIRPORT, CA US",2010-04,45.3,15.6,18.7,12.5
USW00023188,"SAN DIEGO INTERNATIONAL AIRPORT, CA US",2010-05,0.3,16.7,19.3,14.2
USW00023188,"SAN DIEGO INTERNATIONAL AIRPORT, CA US",2010-06,0.5,17.7,19.6,15.7
USW00023188,"SAN DIEGO INTERNATIONAL AIRPORT, CA US",2010-07,0.6,18.8,20.8,16.8
USW00023188,"SAN DIEGO INTERNATIONAL AIRPORT, CA US",2010-08,0,20,22.7,17.3
USW00023188,"SAN DIEGO INTERNATIONAL AIRPORT, CA US",2010-09,0.8,20.5,23.5,17.4
USW00023188,"SAN DIEGO INTERNATIONAL AIRPORT, CA US",2010-10,55.4,20,22.6,17.4
USW00023188,"SAN DIEGO INTERNATIONAL AIRPORT, CA US",2010-11,22.5,16.8,21.3,12.4
USW00023188,"SAN DIEGO INTERNATIONAL AIRPORT, CA US",2010-12,127.2,14.9,18.7,11.1
USW00023188,"SAN DIEGO INTERNATIONAL AIRPORT, CA US",2011-01,7.6,15.6,20.6,10.7
USW00023188,"SAN DIEGO INTERNATIONAL AIRPORT, CA US",2011-02,53.3,14.2,18.4,10.1
USW00023188,"SAN DIEGO INTERNATIONAL AIRPORT, CA US",2011-03,37.2,16.1,19.6,12.5
USW00023188,"SAN DIEGO INTERNATIONAL AIRPORT, CA US",2011-04,6.6,17.6,20.6,14.5
USW00023188,"SAN DIEGO INTERNATIONAL AIRPORT, CA US",2011-05,9.1,18.1,21.1,15.2
USW00023188,"SAN DIEGO INTERNATIONAL AIRPORT, CA US",2011-06,0.8,18.6,21,16.2
USW00023188,"SAN DIEGO INTERNATIONAL AIRPORT, CA US",2011-07,0,21.1,23.5,18.7
USW00023188,"SAN DIEGO INTERNATIONAL AIRPORT, CA US",2011-08,0,20.6,23.1,18.1
USW00023188,"SAN DIEGO INTERNATIONAL AIRPORT, CA US",2011-09,3.3,20.4,23.1,17.8
USW00023188,"SAN DIEGO INTERNATIONAL AIRPORT, CA US",2011-10,11.7,18.6,22.1,15.3
USW00023188,"SAN DIEGO INTERNATIONAL AIRPORT, CA US",2011-11,79.4,15.7,19.7,11.6
USW00023188,"SAN DIEGO INTERNATIONAL AIRPORT, CA US",2011-12,21.9,13.1,17.9,8.3
USW00023188,"SAN DIEGO INTERNATIONAL AIRPORT, CA US",2012-01,10.2,14.6,19.6,9.5
USW00023188,"SAN DIEGO INTERNATIONAL AIRPORT, CA US",2012-02,30.3,14.4,18.3,10.5
USW00023188,"SAN DIEGO INTERNATIONAL AIRPORT, CA US",2012-03,24.7,14.5,17.9,11.1
USW00023188,"SAN DIEGO INTERNATIONAL AIRPORT, CA US",2012-04,22.2,16.2,19.5,12.8
USW00023188,"SAN DIEGO INTERNATIONAL AIRPORT, CA US",2012-05,0.5,17.6,19.9,15.4
USW00023188,"SAN DIEGO INTERNATIONAL AIRPORT, CA US",2012-06,0,18.4,20.6,16.2
USW00023188,"SAN DIEGO INTERNATIONAL AIRPORT, CA US",2012-07,0,20.4,22.8,18
USW00023188,"SAN DIEGO INTERNATIONAL AIRPORT, CA US",2012-08,0,23.2,25.8,20.6
USW00023188,"SAN DIEGO INTERNATIONAL AIRPORT, CA US",2012-09,0,23.8,27.1,20.4
USW00023188,"SAN DIEGO INTERNATIONAL AIRPORT, CA US",2012-10,17.8,20.6,24.2,17
USW00023188,"SAN DIEGO INTERNATIONAL AIRPORT, CA US",2012-11,7.4,16.8,20.5,13.1
USW00023188,"SAN DIEGO INTERNATIONAL AIRPORT, CA US",2012-12,55.6,14.1,17.1,11.1
USW00023188,"SAN DIEGO INTERNATIONAL AIRPORT, CA US",2013-01,30.8,13.2,18.1,8.4
USW00023188,"SAN DIEGO INTERNATIONAL AIRPORT, CA US",2013-02,16,13.5,17.8,9.2
USW00023188,"SAN DIEGO INTERNATIONAL AIRPORT, CA US",2013-03,31,15.6,18.8,12.4
USW00023188,"SAN DIEGO INTERNATIONAL AIRPORT, CA US",2013-04,0.3,16.6,19.4,13.8
USW00023188,"SAN DIEGO INTERNATIONAL AIRPORT, CA US",2013-05,6.6,18.8,21.4,16.3
USW00023188,"SAN DIEGO INTERNATIONAL AIRPORT, CA US",2013-06,0,19.2,21.5,17
USW00023188,"SAN DIEGO INTERNATIONAL AIRPORT, CA US",2013-07,1.3,21.3,23.6,18.9
USW00023188,"SAN DIEGO INTERNATIONAL AIRPORT, CA US",2013-08,0,21.5,24.3,18.7
USW00023188,"SAN DIEGO INTERNATIONAL AIRPORT, CA US",2013-09,0,21.9,25.1,18.7
USW00023188,"SAN DIEGO INTERNATIONAL AIRPORT, CA US",2013-10,6.4,18.9,22.5,15.3
USW00023188,"SAN DIEGO INTERNATIONAL AIRPORT, CA US",2013-11,37.6,17.7,21.7,13.7
USW00023188,"SAN DIEGO INTERNATIONAL AIRPORT, CA US",2013-12,11.7,15.2,20.3,10.1
USW00023188,"SAN DIEGO INTERNATIONAL AIRPORT, CA US",2014-01,0.3,16.3,21.4,11.1
USW00023188,"SAN DIEGO INTERNATIONAL AIRPORT, CA US",2014-02,25.5,16.2,20,12.4
USW00023188,"SAN DIEGO INTERNATIONAL AIRPORT, CA US",2014-03,32.6,17.8,21,14.6
USW00023188,"SAN DIEGO INTERNATIONAL AIRPORT, CA US",2014-04,13.6,18.5,22,14.9
USW00023188,"SAN DIEGO INTERNATIONAL AIRPORT, CA US",2014-05,0,20.8,24.4,17.3
USW00023188,"SAN DIEGO INTERNATIONAL AIRPORT, CA US",2014-06,0,20.2,22.5,17.9
USW00023188,"SAN DIEGO INTERNATIONAL AIRPORT, CA US",2014-07,0,23.1,25.7,20.6
USW00023188,"SAN DIEGO INTERNATIONAL AIRPORT, CA US",2014-08,2.1,23.2,25.9,20.6
USW00023188,"SAN DIEGO INTERNATIONAL AIRPORT, CA US",2014-09,0,24.2,27.2,21.2
USW00023188,"SAN DIEGO INTERNATIONAL AIRPORT, CA US",2014-10,0,22.1,25.9,18.3
USW00023188,"SAN DIEGO INTERNATIONAL AIRPORT, CA US",2014-11,9.5,18.7,23.5,13.9
USW00023188,"SAN DIEGO INTERNATIONAL AIRPORT, CA US",2014-12,114.3,15.9,19.6,12.1
USW00023188,"SAN DIEGO INTERNATIONAL AIRPORT, CA US",2015-01,10.7,16,20.8,11.2
USW00023188,"SAN DIEGO INTERNATIONAL AIRPORT, CA US",2015-02,7.1,17.3,21.3,13.2
USW00023188,"SAN DIEGO INTERNATIONAL AIRPORT, CA US",2015-03,23.7,19.2,23.4,15
USW00023188,"SAN DIEGO INTERNATIONAL AIRPORT, CA US",2015-04,0.5,18.8,22.2,15.3
USW00023188,"SAN DIEGO INTERNATIONAL AIRPORT, CA US",2015-05,60.8,17.8,20,15.5
USW00023188,"SAN DIEGO INTERNATIONAL AIRPORT, CA US",2015-06,1,20.5,23,17.9
USW00023188,"SAN DIEGO INTERNATIONAL AIRPORT, CA US",2015-07,43.6,22.5,25.1,19.9
USW00023188,"SAN DIEGO INTERNATIONAL AIRPORT, CA US",2015-08,0.3,24,27,20.9
USW00023188,"SAN DIEGO INTERNATIONAL AIRPORT, CA US",2015-09,31.5,25.1,28.3,21.9
USW00023188,"SAN DIEGO INTERNATIONAL AIRPORT, CA US",2015-10,11,23.5,27.1,20
USW00023188,"SAN DIEGO INTERNATIONAL AIRPORT, CA US",2015-11,39.3,17.4,22.3,12.6
USW00023188,"SAN DIEGO INTERNATIONAL AIRPORT, CA US",2015-12,22.5,14.5,19.2,9.8
USW00023188,"SAN DIEGO INTERNATIONAL AIRPORT, CA US",2016-01,81.6,14.7,18.6,10.9
USW00023188,"SAN DIEGO INTERNATIONAL AIRPORT, CA US",2016-02,1.3,17.7,23.6,11.9
USW00023188,"SAN DIEGO INTERNATIONAL AIRPORT, CA US",2016-03,19.2,17,20.4,13.7
USW00023188,"SAN DIEGO INTERNATIONAL AIRPORT, CA US",2016-04,14,18.6,22.2,15
USW00023188,"SAN DIEGO INTERNATIONAL AIRPORT, CA US",2016-05,11.2,18.3,20.4,16.2
USW00023188,"SAN DIEGO INTERNATIONAL AIRPORT, CA US",2016-06,0,20.5,23.1,17.9
USW00023188,"SAN DIEGO INTERNATIONAL AIRPORT, CA US",2016-07,0,21.6,24.3,18.9
USW00023188,"SAN DIEGO INTERNATIONAL AIRPORT, CA US",2016-08,0,22.7,25.4,19.9
USW00023188,"SAN DIEGO INTERNATIONAL AIRPORT, CA US",2016-09,8.2,22.2,25.6,18.9
USW00023188,"SAN DIEGO INTERNATIONAL AIRPORT, CA US",2016-10,1.8,21.4,25.3,17.6
USW00023188,"SAN DIEGO INTERNATIONAL AIRPORT, CA US",2016-11,15.4,18.8,23.7,13.9
USW00023188,"SAN DIEGO INTERNATIONAL AIRPORT, CA US",2016-12,107.2,14.9,19.1,10.9
USW00023188,"SAN DIEGO INTERNATIONAL AIRPORT, CA US",2017-01,76.6,14.4,18,10.8
USW00023188,"SAN DIEGO INTERNATIONAL AIRPORT, CA US",2017-02,94.2,15.3,18.5,12.2
USW00023188,"SAN DIEGO INTERNATIONAL AIRPORT, CA US",2017-03,2.1,17.1,21.2,13
USW00023188,"SAN DIEGO INTERNATIONAL AIRPORT, CA US",2017-04,0.3,18.5,22.4,14.6
USW00023188,"SAN DIEGO INTERNATIONAL AIRPORT, CA US",2017-05,23.4,18.3,21,15.5
USW00023188,"SAN DIEGO INTERNATIONAL AIRPORT, CA US",2017-06,0.5,19.8,22.9,16.8
USW00023188,"SAN DIEGO INTERNATIONAL AIRPORT, CA US",2017-07,0,22.8,25.2,20.3
USW00023188,"SAN DIEGO INTERNATIONAL AIRPORT, CA US",2017-08,0,22.8,25.4,20.3
USW00023188,"SAN DIEGO INTERNATIONAL AIRPORT, CA US",2017-09,2.1,22.7,25.9,19.4
USW00023188,"SAN DIEGO INTERNATIONAL AIRPORT, CA US",2017-10,0,21.7,25.9,17.6
USW00023188,"SAN DIEGO INTERNATIONAL AIRPORT, CA US",2017-11,0.5,18.4,22.5,14.2
USW00023188,"SAN DIEGO INTERNATIONAL AIRPORT, CA US",2017-12,1.8,15.7,21.6,9.8
USW00023188,"SAN DIEGO INTERNATIONAL AIRPORT, CA US",2018-01,45.3,16.4,21,11.7
USW00023188,"SAN DIEGO INTERNATIONAL AIRPORT, CA US",2018-02,9.1,15.2,19.6,10.8
USW00023188,"SAN DIEGO INTERNATIONAL AIRPORT, CA US",2018-03,24.2,16,19.6,12.4
USW00023188,"SAN DIEGO INTERNATIONAL AIRPORT, CA US",2018-04,0.6,17.5,21,14
USW00023188,"SAN DIEGO INTERNATIONAL AIRPORT, CA US",2018-05,3.1,17.5,19.9,15.2
USW00023188,"SAN DIEGO INTERNATIONAL AIRPORT, CA US",2018-06,0,19.7,22,17.4
USW00023188,"SAN DIEGO INTERNATIONAL AIRPORT, CA US",2018-07,0,24,27,21
USW00023188,"SAN DIEGO INTERNATIONAL AIRPORT, CA US",2018-08,0.5,25.6,28.5,22.8
USW00023188,"SAN DIEGO INTERNATIONAL AIRPORT, CA US",2018-09,0,22.2,24.8,19.5
USW00023188,"SAN DIEGO INTERNATIONAL AIRPORT, CA US",2018-10,14.5,20.6,24.1,17.2
USW00023188,"SAN DIEGO INTERNATIONAL AIRPORT, CA US",2018-11,20.6,18.7,23.3,14
USW00023188,"SAN DIEGO INTERNATIONAL AIRPORT, CA US",2018-12,76.7,15.3,19.5,11.1